organisation,Local authority,Source,Number
4M Puppets,Newcastle upon Tyne,Project Grant,1
Abdulrahman Abu - Zayd,Gateshead,Project Grant,1
Action for Children,Northumberland,Project Grant,1
Adam Phillips,Gateshead,Project Grant,3
Adam Shield,Newcastle upon Tyne,Project Grant,1
Adinda van 't Klooster,Newcastle upon Tyne,Project Grant,2
Aidan Moesby,Gateshead,Project Grant,2
Alexander Duff,Gateshead,Project Grant,2
Ali Pritchard,Newcastle upon Tyne,Project Grant,1
Alicia Meehan,Newcastle upon Tyne,Project Grant,2
Alison Carr,County Durham,Project Grant,2
Alison Carr,Newcastle upon Tyne,Project Grant,2
Alison Stanley,North Tyneside,Project Grant,1
Alison Wilkes,Gateshead,Project Grant,1
Alistair McDonald,Northumberland,Project Grant,1
Allan Hughes,Newcastle upon Tyne,Project Grant,1
Allenheads Contemporary Arts,Northumberland,Project Grant,1
Allison Davies,Northumberland,Project Grant,3
Alnwick Playhouse,Northumberland,Project Grant,1
Alphabetti Theatre,Newcastle upon Tyne,Project Grant,6
Alys North,Newcastle upon Tyne,Project Grant,1
Amanda Drago,Northumberland,Project Grant,1
Amanda Ogden,County Durham,Project Grant,1
Amber Film & Photography Collective,Newcastle upon Tyne,Project Grant,1
Amble Development Trust,Northumberland,Project Grant,1
Amy Golding,North Tyneside,Project Grant,1
Amy Lord,Northumberland,Project Grant,2
Andras Nagy-Sandor,Newcastle upon Tyne,Project Grant,1
Andrew Gardiner,North Tyneside,Project Grant,1
Andrew Maughan,Newcastle upon Tyne,Project Grant,1
Andrew Wilson,Newcastle upon Tyne,Project Grant,1
Angela Reed,South Tyneside,Project Grant,2
Anna Barker,County Durham,Project Grant,1
Annie Ball,Gateshead,Project Grant,1
Anthony Lo-Giudice,North Tyneside,Project Grant,4
Anton Hecht,Newcastle upon Tyne,Project Grant,1
Arcus Studios Ltd,Gateshead,Project Grant,2
Aria Art and Movement,South Tyneside,Project Grant,1
Arts&Heritage,Northumberland,Project Grant,1
Association for Cultural Enterprises,County Durham,IPSO,1
AutismAble CIC,South Tyneside,Project Grant,1
Awkward City,County Durham,Project Grant,1
BRASH Theatre Company Ltd,Newcastle upon Tyne,Project Grant,1
Ballet Lorent Limited,Newcastle upon Tyne,NPO,1
Ballet Lorent Limited,Newcastle upon Tyne,Project Grant,1
Baltic Flour Mills Visual Arts Trust,Gateshead,NPO,1
Baltic Flour Mills Visual Arts Trust,Gateshead,Project Grant,1
Beacon Films CIC,Newcastle upon Tyne,Project Grant,2
Beamish Museum,County Durham,NPO,1
Becci Sharrock,Gateshead,Project Grant,5
Ben Dickeson,Gateshead,Project Grant,2
Ben Richardson,Sunderland,Project Grant,1
Benedict Wellstood,County Durham,Project Grant,2
Benedicta Valentina Mamuini,Gateshead,Project Grant,1
Benjamin Storey,Newcastle upon Tyne,Project Grant,2
Berwick Film & Media Arts Festival,Northumberland,NPO,1
Beth Veitch,Newcastle upon Tyne,Project Grant,2
Bethan Kitchen,Newcastle upon Tyne,Project Grant,3
Bev Robinson,Newcastle upon Tyne,Project Grant,1
Blackhall community association,County Durham,Project Grant,1
Blaize,County Durham,Project Grant,1
Blank Studios LLP,Newcastle upon Tyne,Project Grant,1
Bloodaxe Books Ltd,Northumberland,NPO,1
Blowin a Hooley,North Tyneside,Project Grant,5
Brave Exhibitions CIC,Newcastle upon Tyne,Project Grant,1
Bridge Creative Enterprise CIC,County Durham,Project Grant,1
Broadside Creatives CIC,Sunderland,Project Grant,1
CAST,South Tyneside,Project Grant,2
CIRCA Projects,Newcastle upon Tyne,Project Grant,1
COMMON,Northumberland,Project Grant,3
Caitlin Evans,Newcastle upon Tyne,Project Grant,2
Call Yourself An Artist CIC,County Durham,Project Grant,1
Calum Bruce,Northumberland,Project Grant,1
Cameron John Sharp,Newcastle upon Tyne,Project Grant,5
Cap-a-Pie,Newcastle upon Tyne,Project Grant,3
Carers Cultural Adventures,Gateshead,Project Grant,1
Carole Wears,Newcastle upon Tyne,Project Grant,2
Caroline Collinge,Gateshead,Project Grant,1
Caroline Collinge,South Tyneside,Project Grant,2
Caroline Liversidge,South Tyneside,Project Grant,1
Carolyn Jess-Cooke,North Tyneside,Project Grant,1
Cat Robey,County Durham,Project Grant,2
Cath Campbell,County Durham,Project Grant,2
Catherine Bertola,Gateshead,Project Grant,1
Chalk,Gateshead,Project Grant,1
Chalk,Newcastle upon Tyne,Project Grant,1
Changing Relations,County Durham,Project Grant,7
Charlie Bramley,Newcastle upon Tyne,Project Grant,6
Chloe Darke,Sunderland,Project Grant,2
Chloe Stott,Newcastle upon Tyne,Project Grant,1
Chloë Smith,Northumberland,Project Grant,2
Chris Hornsby,Northumberland,Project Grant,1
Christina Castling,County Durham,Project Grant,4
Christopher Anderson,Northumberland,Project Grant,1
Christopher Folwell,Gateshead,Project Grant,1
Christopher Haigh,Northumberland,Project Grant,1
Circus Central,Gateshead,Project Grant,1
Claire Venus,Northumberland,Project Grant,1
Cloud Nine Theatre Productions,North Tyneside,Project Grant,1
Cobalt Studios Ltd,Newcastle upon Tyne,Project Grant,1
Colin Potsig,Northumberland,Project Grant,2
Company of Others,Newcastle upon Tyne,NPO,1
Company of Others,Newcastle upon Tyne,Project Grant,4
Conor O' Kane,Gateshead,Project Grant,1
Conrad Williams Bird,Newcastle upon Tyne,Project Grant,1
Creative Spaces North East C.I.C.,Gateshead,Project Grant,1
Creative Spaces North East C.I.C.,Newcastle upon Tyne,Project Grant,3
Cultural Spring,South Tyneside,Project Grant,1
Cultural Spring,Sunderland,Project Grant,1
Curious Arts Ltd,Gateshead,Project Grant,2
Curious Arts Ltd,Newcastle upon Tyne,Project Grant,2
Curious Monkey Ltd,Newcastle upon Tyne,Project Grant,5
D6 Culture Ltd,Newcastle upon Tyne,Project Grant,7
DAVE GRAY,Newcastle upon Tyne,Project Grant,1
DJAZZ - Durham City Jazz Festival,County Durham,Project Grant,1
Dance City,Newcastle upon Tyne,NPO,1
Danielle Slade,Northumberland,Project Grant,1
Danielle Stone,Newcastle upon Tyne,Project Grant,1
David Lloyd,Gateshead,Project Grant,1
David Lloyd,Sunderland,Project Grant,1
David Reynolds,Newcastle upon Tyne,Project Grant,1
Dawn Felicia Knox,Gateshead,Project Grant,1
Debbi Purtill,Newcastle upon Tyne,Project Grant,1
Debbie Beeks,Gateshead,Project Grant,2
Department of Classics Newcastle University,Newcastle upon Tyne,Project Grant,1
Donald Marshall,County Durham,Project Grant,1
Dora Frankel,Newcastle upon Tyne,Project Grant,4
Drama in the Dale (As You Like It),County Durham,Project Grant,2
Drop City,County Durham,Project Grant,1
Dry Water Arts Centre,Northumberland,Project Grant,1
Durham County Council,County Durham,NPO,1
Durham County Council,County Durham,Project Grant,2
Durham County Council Arts Programmes Team,County Durham,Project Grant,2
Durham Singers,County Durham,Project Grant,3
Durham University,County Durham,Project Grant,1
EXAUDI,County Durham,Project Grant,2
EXAUDI,Gateshead,Project Grant,2
Ed Waugh,South Tyneside,Project Grant,3
Edwin Johnson,North Tyneside,Project Grant,1
Eleanor Trow,Gateshead,Project Grant,1
Eleanor Wright,Newcastle upon Tyne,Project Grant,1
Eliot Smith,Northumberland,Project Grant,1
Eliot Smith Company,Gateshead,Project Grant,2
Eliot Smith Company,Newcastle upon Tyne,Project Grant,8
Elizabeth Jane Klotz,Gateshead,Project Grant,2
Elizabeth Jane Klotz,Newcastle upon Tyne,Project Grant,4
Elizabeth Lovejoy,County Durham,Project Grant,1
Ellen Spence,Gateshead,Project Grant,1
Elysium Creative Arts CIC,County Durham,Project Grant,3
Elysium Theatre Company,County Durham,Project Grant,3
Emma Dunn,Northumberland,Project Grant,1
Emma Roxburgh,Newcastle upon Tyne,Project Grant,1
Equal Arts,Gateshead,Project Grant,1
Equal Arts,Newcastle upon Tyne,Project Grant,1
Erin Connor,Newcastle upon Tyne,Project Grant,1
Erin Dickson,South Tyneside,Project Grant,1
Esther Huss,Northumberland,Project Grant,2
Exhibit Art,County Durham,Project Grant,1
"Faculty of Arts, Design and Creative Industries",Sunderland,Project Grant,3
Faye MacCalman,Newcastle upon Tyne,Project Grant,1
Fertile Ground Dance Ltd,Newcastle upon Tyne,Project Grant,5
Fine StudiosCIC,Northumberland,Project Grant,1
Frank & Bird Ltd,Newcastle upon Tyne,Project Grant,1
Friends of Jesmond Library,Newcastle upon Tyne,Project Grant,1
Friends of Ropner Park,County Durham,Project Grant,1
GIFT,Gateshead,Project Grant,3
Garry Hunter,South Tyneside,Project Grant,1
Gary Wilkinson,North Tyneside,Project Grant,2
Gateshead Council - Library Service,Gateshead,Project Grant,1
Gateshead Council Culture Team,Gateshead,Project Grant,1
Gateshead and South Tyneside Music Education Hub,Gateshead,Project Grant,1
Gateway Studio CIO,Gateshead,Project Grant,1
Gavin Coward,Newcastle upon Tyne,Project Grant,1
Gem Arts,Gateshead,NPO,1
Generator North East,Newcastle upon Tyne,NPO,1
Geoffrey Kirkwood,North Tyneside,Project Grant,1
Gillie Kleiman,Newcastle upon Tyne,Project Grant,2
Glow Create CIC,Newcastle upon Tyne,Project Grant,1
Grace Denton,Newcastle upon Tyne,Project Grant,1
Grace Dickson,Newcastle upon Tyne,Project Grant,1
Graeme Hopper,Gateshead,Project Grant,2
Graham Dolphin,County Durham,Project Grant,1
Graham Patterson,Northumberland,Project Grant,1
Green Croft Arts,Northumberland,Project Grant,2
Greshauna Hannabiell Sanders,Newcastle upon Tyne,Project Grant,1
Greyscale Theatre Company,Newcastle upon Tyne,Project Grant,2
Guild of Lillians,Newcastle upon Tyne,Project Grant,1
HELEN SHADDOCK,Newcastle upon Tyne,Project Grant,1
Hal Branson,Newcastle upon Tyne,Project Grant,1
Hand Of Ltd,Newcastle upon Tyne,Project Grant,1
Hand Of Ltd,Northumberland,Project Grant,2
Hannah Goudie-Hunter,County Durham,Project Grant,1
Hannah Guy,Newcastle upon Tyne,Project Grant,1
Hannah Murphy,Newcastle upon Tyne,Project Grant,4
Hannah Thompson,County Durham,Project Grant,8
Harambee Pasadia CIC,Gateshead,Project Grant,1
Harambee Pasadia CIC,Newcastle upon Tyne,Project Grant,1
Harriet Ghost,Newcastle upon Tyne,Project Grant,1
Harry Lawson,South Tyneside,Project Grant,1
Headway Arts,Northumberland,NPO,1
Headway Arts,Northumberland,Project Grant,2
Heart of Hirst,Northumberland,Project Grant,1
Heather Moore,Newcastle upon Tyne,Project Grant,1
Heddon Village Knott memorial Hall,Northumberland,Project Grant,1
Helen Ferguson,Gateshead,Project Grant,1
Helen Pailing,North Tyneside,Project Grant,1
Helix Arts Ltd,North Tyneside,NPO,1
Henna Asikainen,Newcastle upon Tyne,Project Grant,4
Hexham Book Festival,Northumberland,Project Grant,1
Holly Argent,Gateshead,Project Grant,1
House of Objects CIC,North Tyneside,Project Grant,1
IRON Press,North Tyneside,Project Grant,1
Iain Duncan,Northumberland,Project Grant,1
Ian Smith,Northumberland,Project Grant,1
Independent Sunderland,Sunderland,Project Grant,2
Inpress Ltd,Newcastle upon Tyne,IPSO,1
International Guitar Foundation & Festivals,Newcastle upon Tyne,Project Grant,2
International Guitar Foundation & Festivals,North Tyneside,Project Grant,1
Isobel Hughes,Newcastle upon Tyne,Project Grant,1
Izaak Gledhill,Newcastle upon Tyne,Project Grant,1
Jack Drum Arts,County Durham,Project Grant,3
Jack Lloyd,Newcastle upon Tyne,Project Grant,3
Jacob Polley,North Tyneside,Project Grant,1
Jade Sweeting,Newcastle upon Tyne,Project Grant,1
Jake Jarratt,County Durham,Project Grant,1
James Cook,Newcastle upon Tyne,Project Grant,1
James David Stewart,Northumberland,Project Grant,1
Jamie Eastlake,Northumberland,Project Grant,1
Jamie Tansley,Newcastle upon Tyne,Project Grant,1
Jan willem van den Bosch,North Tyneside,Project Grant,1
Janina Sabaliauskaite,Newcastle upon Tyne,Project Grant,2
Jarrow Hall,South Tyneside,NPO,1
Jazz North East Ltd,Newcastle upon Tyne,Project Grant,1
Jazz North East Ltd,North Tyneside,Project Grant,4
Jenny Mc Namara,Newcastle upon Tyne,Project Grant,1
Jessica Bennett,Newcastle upon Tyne,Project Grant,1
Jill Tate,North Tyneside,Project Grant,1
Joanna Manousis,Sunderland,Project Grant,1
Joe Snape,Northumberland,Project Grant,1
John Askew,Northumberland,Project Grant,1
John Edgar,Newcastle upon Tyne,Project Grant,1
John Kippin,Newcastle upon Tyne,Project Grant,1
John Topping,North Tyneside,Project Grant,1
Jonah York,North Tyneside,Project Grant,1
Jonathan Bradley,Northumberland,Project Grant,1
Jonluke McKie,North Tyneside,Project Grant,4
Joseph Casling,County Durham,Project Grant,1
Julian Germain,Northumberland,Project Grant,1
Juliana Mensah,Gateshead,Project Grant,1
Juliet Fleming,Newcastle upon Tyne,Project Grant,1
Karen Laws,North Tyneside,Project Grant,1
Karen Rann,Gateshead,Project Grant,1
Karlene Thomas,Newcastle upon Tyne,Project Grant,1
Kate Barton,County Durham,Project Grant,2
Kate Halsall,Newcastle upon Tyne,Project Grant,1
Kate Hunter,North Tyneside,Project Grant,1
Katherine Adams,Gateshead,Project Grant,1
Kathleen Jackson,Newcastle upon Tyne,Project Grant,4
Kathryn Fox,North Tyneside,Project Grant,1
Kathryn Williams,Newcastle upon Tyne,Project Grant,1
Katie Doherty,County Durham,Project Grant,2
Katie Tranter,Newcastle upon Tyne,Project Grant,1
Katy Weir,Sunderland,Project Grant,3
Kerrin Tatman,Newcastle upon Tyne,Project Grant,1
Kielder Observatory Astronomical Society,Northumberland,Project Grant,2
Kielder Water & Forest Park Development Trust,Northumberland,Project Grant,2
Kitchen Zoo,County Durham,Project Grant,1
LVAC Community Interest Company,County Durham,Project Grant,1
Laura Harrington,Newcastle upon Tyne,Project Grant,1
Laura Johnston,Newcastle upon Tyne,Project Grant,1
Laura Turner,Newcastle upon Tyne,Project Grant,1
Laurels Theatre,North Tyneside,Project Grant,1
Lauren Stafford,Newcastle upon Tyne,Project Grant,1
Lee Dobson,County Durham,Project Grant,1
Lee Renforth,Newcastle upon Tyne,Project Grant,1
Let's Circus,Newcastle upon Tyne,Project Grant,2
Lewis Jobson,Newcastle upon Tyne,Project Grant,1
Lewis Jobson,Northumberland,Project Grant,2
Lexicon Learning Edtech,County Durham,Project Grant,1
Liberdade community development trust,Newcastle upon Tyne,Project Grant,2
Life and Limb Puppets CIC,Gateshead,Project Grant,1
Linda France,Northumberland,Project Grant,1
Lindsay Duncanson,Newcastle upon Tyne,Project Grant,1
Lisa Murphy,North Tyneside,Project Grant,1
Little Inventors Worldwide Ltd,Newcastle upon Tyne,Project Grant,2
Little Theatre Gateshead,Gateshead,Project Grant,1
Living Record Productions,County Durham,Project Grant,1
Lizzy Mansfield,Newcastle upon Tyne,Project Grant,1
Luca Rutherford,Newcastle upon Tyne,Project Grant,5
Lucie Brownlee,County Durham,Project Grant,2
Lucy Curry,Gateshead,Project Grant,2
Lucy Nichol,North Tyneside,Project Grant,1
Lydia Brickland,Gateshead,Project Grant,3
MBC Arts Wellbeing,Sunderland,Project Grant,3
Mad Alice Theatre Company,County Durham,Project Grant,1
Manpreet Kambo,Newcastle upon Tyne,Project Grant,1
Mark Nixon,Northumberland,Project Grant,1
Mark Pinder,North Tyneside,Project Grant,1
Martha Wheatley,Newcastle upon Tyne,Project Grant,3
Mathieu Geffré,Newcastle upon Tyne,Project Grant,1
Matt Jamie,Gateshead,Project Grant,2
Matt Miller,Gateshead,Project Grant,1
Matthew Pickering,Newcastle upon Tyne,Project Grant,3
Matthew Tuckey,Newcastle upon Tyne,Project Grant,2
Megan Brown,Newcastle upon Tyne,Project Grant,2
Melanie Rashbrooke,Newcastle upon Tyne,Project Grant,7
Melody Sproates,Newcastle upon Tyne,Project Grant,2
Merle Harbron,Newcastle upon Tyne,Project Grant,1
Meta4Dance Company,Northumberland,Project Grant,5
Mi Viejo Fruta Ltd,Newcastle upon Tyne,Project Grant,1
Michael Evans,Northumberland,Project Grant,1
Michael John Heatley,County Durham,Project Grant,1
Michael John Heatley,Newcastle upon Tyne,Project Grant,4
Michael MacDonald,Newcastle upon Tyne,Project Grant,1
Michael Mulvihill,Gateshead,Project Grant,2
Michael Mulvihill,North Tyneside,Project Grant,1
Michaela Wetherell,Sunderland,Project Grant,7
Michelle Harland,County Durham,Project Grant,1
Mick Smith,Newcastle upon Tyne,Project Grant,1
Middleton-in-Teesdale Sports and Social Club,County Durham,Project Grant,1
Miranda Tufnell,Northumberland,Project Grant,1
Miscreations Theatre,Northumberland,Project Grant,2
Mitch Donaldson,Northumberland,Project Grant,2
Monica Hardcastle,Newcastle upon Tyne,Project Grant,1
Monkfish Productions CIC,Newcastle upon Tyne,Project Grant,1
Monkfish Productions CIO,Newcastle upon Tyne,Project Grant,1
Mortal Fools,Northumberland,NPO,1
Mortal Fools,Northumberland,Project Grant,8
Moving Art Management,Newcastle upon Tyne,Project Grant,2
Moving Parts Arts,Newcastle upon Tyne,Project Grant,4
Moving Parts Arts CIO,Newcastle upon Tyne,Project Grant,2
NOVAK,Newcastle upon Tyne,Project Grant,1
NTC Touring Theatre Company Ltd,Northumberland,Project Grant,5
National Youth Choirs of Great Britain,County Durham,NPO,1
National Youth Choirs of Great Britain,County Durham,Project Grant,2
Neighbourhood Watch Stilts international,Newcastle upon Tyne,Project Grant,1
New Prospects Association Limited,North Tyneside,Project Grant,1
New Writing North,Newcastle upon Tyne,NPO,1
New Writing North,Newcastle upon Tyne,Project Grant,1
Newcastle Asian Arts and Music,Newcastle upon Tyne,Project Grant,6
Newcastle Centre for the Literary Arts,Newcastle upon Tyne,Project Grant,4
Newcastle City Council Culture,Newcastle upon Tyne,Project Grant,2
Newcastle Gateshead Initiative,Gateshead,Project Grant,1
Newcastle Libraries,Newcastle upon Tyne,Project Grant,1
Nexus,Newcastle upon Tyne,Project Grant,3
Nick Kennedy,Newcastle upon Tyne,Project Grant,1
Nicola Lynch,North Tyneside,Project Grant,1
Nicole Vivien Watson,Sunderland,Project Grant,3
Nina Scott,Newcastle upon Tyne,Project Grant,1
NorVolJazz,North Tyneside,Project Grant,1
Norfolk Street Arts Community Interest Company,Sunderland,Project Grant,3
North East Theatre Trust Ltd,Newcastle upon Tyne,NPO,1
North Music Trust,Gateshead,NPO,1
North Pennines AONB Partnership,County Durham,Project Grant,3
North Tyneside Council,North Tyneside,Project Grant,1
Northern Film & Media,Gateshead,Project Grant,2
Northern Heartlands,County Durham,NPO,1
Northern Heartlands,County Durham,Project Grant,3
Northern Pride Events Ltd,Gateshead,Project Grant,1
Northern Print,Newcastle upon Tyne,NPO,1
Northern Print,Newcastle upon Tyne,Project Grant,1
Northern Stage (Theatrical Productions) Ltd,Newcastle upon Tyne,NPO,1
Northumberland Libraries,Northumberland,Project Grant,2
Northumbria Architecture Society,Newcastle upon Tyne,Project Grant,1
Northumbria University,Newcastle upon Tyne,Project Grant,1
November Club,Northumberland,NPO,1
November Club,Northumberland,Project Grant,1
Oliver Doe,Newcastle upon Tyne,Project Grant,1
Olivia Hannah,South Tyneside,Project Grant,2
Olivia Hunt,Newcastle upon Tyne,Project Grant,1
Open Clasp Theatre Company,Newcastle upon Tyne,NPO,1
Open Clasp Theatre Company,Newcastle upon Tyne,Project Grant,1
Opera Sunderland,Sunderland,Project Grant,1
Patrick Ngabonziza,Gateshead,Project Grant,1
Patrick Ngabonziza,Newcastle upon Tyne,Project Grant,2
Paul Brown,Northumberland,Project Grant,1
Paul Fairbairn,Gateshead,Project Grant,3
Paul Miller,Newcastle upon Tyne,Project Grant,4
Paul Turner,Newcastle upon Tyne,Project Grant,1
Paula Penman,Gateshead,Project Grant,1
Payal Ramchandani,Newcastle upon Tyne,Project Grant,1
Payal Ramchandani,North Tyneside,Project Grant,3
Pelican Theatre,Newcastle upon Tyne,Project Grant,1
Penella Styles,Sunderland,Project Grant,2
People Into Enterprise Ltd,County Durham,Project Grant,1
Periplum CIC,County Durham,Project Grant,1
Perspex Limited,Northumberland,Project Grant,1
Peter Groom,Northumberland,Project Grant,2
Peter McAdam,Sunderland,Project Grant,2
Petra Szeman,Gateshead,Project Grant,1
Philip Douglas,Gateshead,Project Grant,1
Playing Up Theatre Company,Newcastle upon Tyne,Project Grant,1
Polestar Studios,Newcastle upon Tyne,Project Grant,1
Pop Recs Ltd,Sunderland,Project Grant,2
Primate Productions Ltd,North Tyneside,Project Grant,1
Prometheus Foundation,North Tyneside,Project Grant,1
Queen's Hall Arts,Northumberland,NPO,1
Rachael Walsh,South Tyneside,Project Grant,1
Rachel Stockdale,North Tyneside,Project Grant,1
Rachel Stockdale-Cook,North Tyneside,Project Grant,1
Rebecca Glendenning-Laycock,Newcastle upon Tyne,Project Grant,2
Rebecca Jameson,Northumberland,Project Grant,1
Rebecca Parker,County Durham,Project Grant,1
Rebekah Cook,County Durham,Project Grant,1
Redhills CIO,County Durham,NPO,1
Regeneration NE CIC,County Durham,Project Grant,1
Rendez-Vous dance,North Tyneside,Project Grant,3
Rene McBrearty,Newcastle upon Tyne,Project Grant,1
Rhianne Bowes,Newcastle upon Tyne,Project Grant,1
Richard Bliss,Newcastle upon Tyne,Project Grant,1
Richard Boggie,Newcastle upon Tyne,Project Grant,1
Robert Anderson,Gateshead,Project Grant,3
Robert Nicholson,South Tyneside,Project Grant,1
Robin Paley Yorke,Gateshead,Project Grant,1
Rosa Postlethwaite,Newcastle upon Tyne,Project Grant,2
Rosa Stourac McCreery,Newcastle upon Tyne,Project Grant,1
Rosie Bowden,Northumberland,Project Grant,1
Rosie Sales,Northumberland,Project Grant,1
Rowan McCabe,Newcastle upon Tyne,Project Grant,2
Ruth Mary Johnson,North Tyneside,Project Grant,1
Ryan Margaret Hay,North Tyneside,Project Grant,1
Sabina Sallis,Newcastle upon Tyne,Project Grant,1
Salto Arts,North Tyneside,Project Grant,3
Sam Mudd,Gateshead,Project Grant,1
Samantha Bell,North Tyneside,Project Grant,2
Samantha Neale,Newcastle upon Tyne,Project Grant,1
Samuel Burnard,County Durham,Project Grant,1
Sangini,South Tyneside,Project Grant,2
Sarah Dobbs,South Tyneside,Project Grant,1
Sarah Fisher,Gateshead,Project Grant,1
Sarah Li,Newcastle upon Tyne,Project Grant,2
Sebastian Trend,Newcastle upon Tyne,Project Grant,1
"Seven Stories, The National Centre for Children's Books",Newcastle upon Tyne,NPO,1
Sharon Bailey,Northumberland,Project Grant,3
Sharon Race,County Durham,Project Grant,1
Sheila Graber,South Tyneside,Project Grant,1
Shoddy Theatre,Northumberland,Project Grant,2
Show Racism The Red Card,North Tyneside,Project Grant,1
Sian Armstrong,Gateshead,Project Grant,1
Simon West,Newcastle upon Tyne,Project Grant,1
Sister Shack,Newcastle upon Tyne,Project Grant,1
Skimstone Arts,Newcastle upon Tyne,Project Grant,5
SlamFresh,Newcastle upon Tyne,Project Grant,3
Slugtown,Newcastle upon Tyne,Project Grant,2
Sneha Solanki,North Tyneside,Project Grant,2
Society of Strays,North Tyneside,Project Grant,1
Sophie Buxton,North Tyneside,Project Grant,4
South Tyneside Council,South Tyneside,NPO,1
South Tyneside Council,South Tyneside,Project Grant,7
South Tyneside Council -Music,South Tyneside,Project Grant,1
South Tyneside Council Culture,South Tyneside,Project Grant,1
South Tyneside Primary Schools Music Festival Association,South Tyneside,Project Grant,1
Southpaw Dance Company,Newcastle upon Tyne,Project Grant,5
Southpaw Dance Productions,Sunderland,NPO,1
Steph Sykes,Sunderland,Project Grant,1
Stephanie Hunter,County Durham,Project Grant,1
Stephen Livingstone,County Durham,Project Grant,2
Stephen Messam,County Durham,Project Grant,1
Steve Byron,Newcastle upon Tyne,Project Grant,5
Steven Blackshaw,Newcastle upon Tyne,Project Grant,1
Steven Moore,Newcastle upon Tyne,Project Grant,1
Sunderland BID,Sunderland,Project Grant,1
Sunderland Creative Writing CIC,Sunderland,Project Grant,1
Sunderland Culture,Sunderland,NPO,1
Sunderland Culture,Sunderland,Project Grant,2
Sunderland Empire Theatre Trust Board,Sunderland,Project Grant,1
Sunderland MAC Trust,Sunderland,Project Grant,6
Sunderland University Big Band,County Durham,Project Grant,1
Surface Area Dance Theatre CIC,Sunderland,NPO,1
Surface Area Dance Theatre CIC,Sunderland,Project Grant,6
Susan Betts,Northumberland,Project Grant,1
Susan Loughlin,South Tyneside,Project Grant,2
Susie Green,Newcastle upon Tyne,Project Grant,1
TIN Arts,County Durham,NPO,1
TUSK MUSIC PROJECTS,Newcastle upon Tyne,Project Grant,1
Tallulah Lines,Newcastle upon Tyne,Project Grant,1
Tamsin Rees,Newcastle upon Tyne,Project Grant,2
Tatwood Puppets,Newcastle upon Tyne,Project Grant,3
Tess Denman-Cleaver,Gateshead,Project Grant,1
The Auckland Project,County Durham,Project Grant,1
The Barn at Easington,County Durham,Project Grant,1
The Bowes Museum,County Durham,NPO,1
The Bowes Museum,County Durham,Project Grant,1
The Creative Seed CIC,South Tyneside,Project Grant,6
The Customs House,South Tyneside,NPO,1
The Empty Space,Newcastle upon Tyne,Project Grant,4
The Forge,County Durham,NPO,1
The Lawnmowers Independent Theatre Company,Gateshead,NPO,1
The Lawnmowers Independent Theatre Company,Gateshead,Project Grant,1
The Letter Room,Newcastle upon Tyne,Project Grant,1
The Lubber Fiend,Newcastle upon Tyne,Project Grant,1
The Maltings Berwick Trust Limited,Northumberland,NPO,1
The Maltings Berwick Trust Limited,Northumberland,Project Grant,1
The NewBridge Project,Newcastle upon Tyne,NPO,1
The Radio Rooms,Northumberland,Project Grant,1
The Witham Hall Ltd,County Durham,Project Grant,2
Theatre Sans Frontieres,Northumberland,Project Grant,6
Theatre Space North East CIC,Sunderland,Project Grant,3
Thomas Machell,Northumberland,Project Grant,1
Thought Foundation,Gateshead,Project Grant,1
Thoughtful Planet 3,Gateshead,Project Grant,1
Tim Dalling,Newcastle upon Tyne,Project Grant,1
Tim Shaw,Gateshead,Project Grant,1
TimbaDash Theatre,North Tyneside,Project Grant,2
Timothy Burke,Newcastle upon Tyne,Project Grant,1
Together for Children Sunderland,Sunderland,Project Grant,1
Tom Kelly,Gateshead,Project Grant,1
Tony Hopkins Entertainments Ltd,Gateshead,Project Grant,1
Tusk Music,Newcastle upon Tyne,Project Grant,2
Tyne & Wear Archives & Museums,Newcastle upon Tyne,NPO,1
Tyne & Wear Archives & Museums,Newcastle upon Tyne,Project Grant,1
Tyne Bank Brewery Ltd,Newcastle upon Tyne,Project Grant,1
Tyneside Cinema,Newcastle upon Tyne,Project Grant,1
Tyneside Irish Cultural Society,Newcastle upon Tyne,Project Grant,1
Unfolding Theatre,Newcastle upon Tyne,NPO,1
Unlock Music CIC,Newcastle upon Tyne,Project Grant,3
Urban Field Events,Northumberland,Project Grant,1
Ushaw College,County Durham,Project Grant,4
Vane Contemporary Art Limited,Gateshead,NPO,1
Vane Contemporary Art Limited,Newcastle upon Tyne,Project Grant,1
Vindolanda Trust,Northumberland,Project Grant,2
Visual Arts in Rural Communities,Northumberland,Project Grant,1
Vivien Wood,North Tyneside,Project Grant,1
We Make Culture CIC,Sunderland,Project Grant,3
Wear and Tyne Festivals,Newcastle upon Tyne,Project Grant,1
Wesley Stephenson,Newcastle upon Tyne,Project Grant,7
William Steele,Newcastle upon Tyne,Project Grant,2
Wolfgang Weileder,Newcastle upon Tyne,Project Grant,1
Woodhorn Charitable Trust,Northumberland,NPO,1
Workie Ticket Theatre CIC,North Tyneside,Project Grant,1
Woven Nest Theatre,Gateshead,Project Grant,4
YMCA North Tyneside,North Tyneside,Project Grant,1
YMCA Teesdale,County Durham,Project Grant,1
Yuvel Soria VArgas,South Tyneside,Project Grant,3
Zoe Murtagh,Newcastle upon Tyne,Project Grant,1
a-n The Artists Information Company,Newcastle upon Tyne,NPO,1
fanSHEN,Newcastle upon Tyne,Project Grant,1
identity on tyne,North Tyneside,Project Grant,2
joana feijo,Newcastle upon Tyne,Project Grant,1
joanne cameron,Sunderland,Project Grant,1
katie cuddon,Newcastle upon Tyne,Project Grant,1
sean burn,Newcastle upon Tyne,Project Grant,5
tiny dragon Productins,Newcastle upon Tyne,Project Grant,1
tiny dragon Productions,Newcastle upon Tyne,Project Grant,2
vincent todd,Sunderland,Project Grant,1
