Funding Org:Name,Grant Programme:Title,Grants,Funding,Earliest Award Date,Latest Award Date,Average Grant
Community Foundation serving Tyne & Wear and Northumberland,,1556,10619514,2020-01-22,2024-04-02,6825
The National Lottery Community Fund,National Lottery Awards for All England,284,2865310,2020-04-03,2024-06-20,10089
Department for Work and Pensions,Kickstart Scheme,121,4424201,2021-04-01,2022-04-01,36564
"Department for Business, Energy and Industrial Strategy",UKRI - EPSRC - Scheme 22/23,76,17818181,2022-04-01,2022-04-01,234450
"Department for Digital, Culture, Media & Sport",Coronavirus Community Support Fund,66,1662940,2020-06-15,2020-10-05,25196
"Department for Business, Energy and Industrial Strategy",UKRI - BBSRC - Scheme 22/23,56,3737127,2022-04-01,2022-04-01,66734
"Department for Digital, Culture, Media & Sport",Culture Recovery Fund: Arts Recovery (ACE),54,10776744,2020-04-01,2020-04-01,199569
Department for Education,Apprenticeships Participation 18+,54,39917021,2020-04-01,2022-04-01,739204
The National Lottery Heritage Fund,,52,3834299,2020-01-29,2024-06-11,73737
"Department for Business, Energy and Industrial Strategy",ALB - UKRI - Innovate UK grant awards in 20-21,45,8556635,2020-04-01,2021-03-01,190147
"Department for Business, Energy and Industrial Strategy",UKRI - Innovate UK - Scheme 22/23,45,1978463,2022-04-01,2022-04-01,43966
"Department for Business, Energy and Industrial Strategy",UKRI - NERC - Scheme 22/23,45,6277426,2022-04-01,2022-04-01,139498
Co-operative Group,,43,108189,2020-10-24,2023-10-21,2516
"Department for Business, Energy and Industrial Strategy",UKRI - MRC - Scheme 22/23,43,7635305,2022-04-01,2022-04-01,177565
The National Lottery Community Fund,RC North East and Cumbria Region,43,7401333,2020-04-27,2024-05-15,172124
Sport England,COVID-19 Community Emergency Fund,40,169770,2020-05-05,2020-07-17,4244
The Ballinger Charitable Trust,,38,1018189,2020-02-28,2023-12-08,26794
"Department for Business, Energy and Industrial Strategy",UKRI - AHRC - Scheme 22/23,34,3429685,2022-04-01,2022-04-01,100873
"Department for Business, Energy and Industrial Strategy",UKRI - Innovate - Scheme 21/22,32,2771501,2021-04-01,2022-03-01,86609
Department for Education,Apprenticeships Participation 16 - 18,32,5902412,2020-04-01,2020-04-01,184450
The Tudor Trust,,28,666300,2020-04-14,2022-02-15,23796
The Shears Foundation,,27,344750,2020-04-15,2024-07-08,12769
Esmée Fairbairn Foundation,Main Grant,25,1746582,2020-01-22,2024-07-10,69863
Sport England,Small Grants,25,193346,2020-01-15,2024-03-22,7734
Virgin Money Foundation,Colleagues in the Community,24,21493,2020-03-19,2023-10-10,896
"Department for Business, Energy and Industrial Strategy",ALB - UKRI - EPSRC grant awards in 20-21,23,20748504,2020-04-01,2021-03-01,902109
"Department for Business, Energy and Industrial Strategy",UKRI - EPSRC - Scheme 21/22,23,4327257,2021-04-01,2022-03-01,188142
"Department for Business, Energy and Industrial Strategy",UKRI - ESRC - Scheme 22/23,23,1195714,2022-04-01,2022-04-01,51988
Department for Education,Exceptional Costs Associated with Coronavirus (COVID-19),23,1010155,2020-04-01,2020-04-01,43920
Department for Education,Condition Improvement Fund Academies,22,6303064,2020-04-01,2022-04-01,286503
Sport England,Return to Play - Small Grants,22,125907,2020-11-19,2022-01-19,5723
"Department for Business, Energy and Industrial Strategy",ALB - UKRI - ESRC grant awards in 20-21,20,3033812,2020-08-01,2021-03-24,151691
"Department for Business, Energy and Industrial Strategy",UKRI - STFC - Scheme 22/23,19,1136821,2022-04-01,2022-04-01,59833
Department for Education,Senior mental health lead training grants,19,45600,2021-04-01,2021-04-01,2400
Department for Education,Teaching School Core Grant,18,394225,2020-04-01,2021-04-01,21901
"Department for Business, Energy and Industrial Strategy",ALB - UKRI - NERC grant awards in 20-21,17,4278767,2020-04-01,2021-03-01,251692
County Durham Community Foundation,Donor Direct Support Funding,16,143708,2020-08-04,2023-03-21,8982
"Department for Business, Energy and Industrial Strategy",UKRI - NERC - Scheme 21/22,16,701763,2021-04-01,2022-03-17,43860
Lloyds Bank Foundation for England and Wales,Variation,16,87459,2020-07-24,2022-12-14,5466
Sport England,Queen's Platinum Jubilee Activity Fund,16,125467,2022-02-09,2023-01-17,7842
The Clothworkers' Foundation,Small Grants Programme,16,146920,2020-02-03,2023-10-09,9182
"Department for Business, Energy and Industrial Strategy",ALB - UKRI - MRC grant awards in 20-21,15,13987028,2020-04-01,2021-03-01,932469
"Department for Business, Energy and Industrial Strategy",UKRI - AHRC - Scheme 21/22,14,1251434,2021-07-03,2022-03-01,89388
"Department for Digital, Culture, Media & Sport",ALB - Arts Council England - National Portfolio Organisations,14,6510420,2020-04-01,2020-04-01,465030
"Department for Digital, Culture, Media & Sport",National Portfolio Organisations,14,6556252,2021-12-08,2021-12-13,468304
The National Lottery Community Fund,National Lottery COVID-19 Fund - Up to £10000,14,127291,2020-10-22,2020-12-01,9092
"Department for Business, Energy and Industrial Strategy",ALB - UKRI - AHRC grant awards in 20-21,13,3329054,2020-05-01,2021-02-14,256081
"Department for Levelling Up, Housing and Communities",Move on Fund,13,126920,2021-05-28,2022-03-28,9763
BBC Children in Need,2020 Booster Grants,12,36758,2020-06-17,2020-06-17,3063
Department for Transport,Light Rails Support Package 21/22,12,16659600,2021-04-01,2021-04-01,1388300
The Badur Foundation,,12,151890,2021-10-01,2024-06-07,12658
The National Lottery Community Fund,National Lottery Awards for All,12,115580,2020-02-10,2020-03-27,9632
CAF,CAF Resilience Fund Phase 1,11,356303,2020-01-15,2021-01-18,32391
County Durham Community Foundation,,11,125262,2021-04-13,2021-11-30,11387
"Department for Business, Energy and Industrial Strategy",ALB - UKRI - BBSRC grant awards in 20-21,11,3143924,2020-04-01,2020-11-01,285811
"Department for Business, Energy and Industrial Strategy",UKRI - BBSRC - Scheme 21/22,11,950189,2021-04-01,2022-02-14,86381
"Department for Business, Energy and Industrial Strategy",UKRI - FIC - Scheme 22/23,11,226263,2022-04-01,2022-04-01,20569
"Department for Business, Energy and Industrial Strategy",UKRI - ISCF - Scheme 22/23,11,18314670,2022-04-01,2022-04-01,1664970
"Department for Digital, Culture, Media & Sport",Culture Recovery Fund: Continuity Support,11,1072767,2021-10-22,2021-10-27,97524
Department for Education,Summer Schools,11,298779,2021-04-01,2021-04-01,27162
"Department for Levelling Up, Housing and Communities",Affordable Housing Grant,11,7152030,2020-04-01,2022-03-30,650185
Department for Transport,Light Rails Support Package,11,37046429,2020-04-01,2020-04-01,3367857
BBC Children in Need,Cost of Living Uplift,10,5000,2022-10-20,2022-10-20,500
"Department for Business, Energy and Industrial Strategy",UKRI - FLF - Scheme 22/23,10,2125654,2022-04-01,2022-04-01,212565
Department for Transport,Covid 19 Bus Service Support Grant commercial,10,0,2020-04-01,2020-04-01,0
HM Revenue & Customs,SME Brexit Support Fund,10,16629,2021-04-21,2021-07-22,1663
The Greggs Foundation,North East Core Funding,10,376440,2021-05-10,2023-05-18,37644
CAF,CAF Coronavirus Emergency Fund,9,51727,2020-04-17,2020-06-22,5747
"Department for Business, Energy and Industrial Strategy",UKRI - MRC - Scheme 21/22,9,1089688,2021-04-01,2022-03-01,121076
"Department for Environment, Food and Rural Affairs",Catchment Partnership Grant (CPG) - Water Environment Improvement Fund 2020-2022,9,96590,2020-04-01,2021-04-01,10732
Power to Change Trust,C-19 Emergency Trading Income Support Scheme (TISS),9,208409,2020-05-26,2020-07-30,23157
"Department for Business, Energy and Industrial Strategy",UKRI - SPF - Scheme 22/23,8,1506641,2022-04-01,2022-04-01,188330
"Department for Digital, Culture, Media & Sport",Big Night In,8,79473,2020-05-20,2020-10-02,9934
The Foyle Foundation,Main Grants Scheme,8,244000,2021-02-11,2024-04-30,30500
"Department for Business, Energy and Industrial Strategy",UKRI - ESRC - Scheme 21/22,7,469362,2021-06-01,2022-01-04,67052
"Department for Business, Energy and Industrial Strategy",UKRI - STFC - Scheme 21/22,7,365252,2021-04-01,2022-01-03,52179
Ministry of Defence,Armed Forces Charities (Armed Forces Covenant Fund Trust),7,966203,2020-05-15,2023-02-10,138029
People's Health Trust,Active Communities,7,36409,2022-08-08,2022-08-09,5201
The Henry Smith Charity ,Holiday Grant,7,13130,2021-07-20,2024-05-21,1876
Virgin Money Foundation,Community Anchors' Fund,7,231000,2020-04-03,2023-04-27,33000
Wolfson Foundation,Arts and Humanities,7,195000,2020-06-11,2023-07-05,27857
A B Charitable Trust,Migrants and Refugees,6,110000,2020-04-23,2022-06-30,18333
"Department for Business, Energy and Industrial Strategy",UKRI - COVID - Scheme 22/23,6,227904,2022-04-01,2022-04-01,37984
"Department for Business, Energy and Industrial Strategy",UKRI - GCRF - Scheme 22/23,6,3492952,2022-04-01,2022-04-01,582159
"Department for Business, Energy and Industrial Strategy",UKRI - NC3Rs - Scheme 22/23,6,187772,2022-04-01,2022-04-01,31295
"Department for Digital, Culture, Media & Sport",Community Match Challenge Fund,6,168187,2020-10-23,2020-12-14,28031
"Department for Digital, Culture, Media & Sport",Youth Accelerator Fund 1920,6,39424,2020-02-28,2020-02-28,6571
"Department for Environment, Food and Rural Affairs",LA & IDB Flood Coastal Erosion Risk Management (FCERM) - Capital Grants 6 Year Programme (2021-27),6,205223,2022-04-01,2022-04-01,34204
Millfield House Foundation,,6,473296,2020-05-11,2022-10-17,78883
Power to Change Trust,Resilient Communities Fund (RCF),6,59900,2022-12-12,2022-12-12,9983
The National Lottery Community Fund,Local Connections Fund Round 2,6,13334,2021-07-26,2021-09-17,2222
Tuixen Foundation,,6,112000,2021-12-06,2024-07-01,18667
County Durham Community Foundation,Banks Brenkley Lane Fund,5,20539,2020-04-08,2020-09-18,4108
County Durham Community Foundation,Banks Community Fund,5,22050,2020-05-15,2021-03-19,4410
"Department for Business, Energy and Industrial Strategy",ALB - UKRI - STFC grant awards in 20-21,5,892784,2020-04-01,2020-12-01,178557
"Department for Business, Energy and Industrial Strategy",Public Sector Low Carbon Skills Fund - Phase 1,5,147236,2020-11-17,2020-12-22,29447
"Department for Digital, Culture, Media & Sport",ALB - National Heritage Memorial Fund - Culture Recovery Fund for Heritage 2020-21,5,381600,2020-10-14,2021-03-08,76320
Department for Education,Free Schools Capital,5,5646752,2020-04-01,2022-04-01,1129350
Department for Education,Priority School Building Programme - Private Finance Local Authority & Voluntary Aided School Revenue Grant,5,69860195,2020-04-01,2022-04-01,13972039
"Department for Environment, Food and Rural Affairs",RPA Countryside Stewardship,5,134730,2022-04-01,2022-04-01,26946
Department for Transport,Pothole and Challenge Fund 21/22,5,1820000,2021-04-01,2021-04-01,364000
Home Office,EU Settlement Grant Scheme Funding,5,741627,2021-04-01,2021-04-01,148325
Lloyds Bank Foundation for England and Wales,Renew,5,250000,2021-11-16,2022-12-07,50000
Sport England,Crowdfunder: Active Together,5,0,2020-10-29,2024-05-20,0
Sport England,This Girl Can Community Fund,5,35323,2020-12-01,2022-07-05,7065
The Henry Smith Charity ,Improving Lives,5,909800,2021-06-09,2024-06-12,181960
The Henry Smith Charity ,Strengthening Communities,5,691000,2021-09-23,2023-02-08,138200
The Trussell Trust,Financial Inclusion,5,422541,2021-10-26,2022-04-05,84508
Community Foundations for Lancashire & Merseyside,Hill Dickinson Foundation,4,4999,2024-02-08,2024-02-08,1250
Coop Foundation,Belong (historic),4,133369,2020-11-19,2022-11-28,33342
County Durham Community Foundation,Sherburn House Charity Community Grants Fund,4,20800,2020-10-08,2022-09-14,5200
"Department for Digital, Culture, Media & Sport",ALB-Sport England-Facilities,4,883975,2020-11-12,2021-03-16,220994
"Department for Digital, Culture, Media & Sport",Arts Council National Lottery Project Grants,4,466737,2022-02-23,2022-03-25,116684
"Department for Digital, Culture, Media & Sport",Culture Recovery Fund: Emergency Resource Support,4,192872,2021-12-09,2022-03-14,48218
"Department for Digital, Culture, Media & Sport",Life Chances Fund,4,24964154,2020-04-01,2022-04-01,6241038
Department for Education,Initial Teacher Training (ITT) Bursaries and School Direct Salaried And Postgraduate Teaching Assistants (PGTA),4,3393262,2020-04-01,2020-04-01,848316
"Department for Environment, Food and Rural Affairs",M10 - Agri-environment- Climate Exchq,4,3495,2020-04-01,2020-04-01,874
"Department for Environment, Food and Rural Affairs",Peatland restoration Projects - CATCHMENT PARTNERSHIP GRANTS (PEATLAND RESTORATION) FOR 2020-2022,4,222118,2020-11-16,2021-04-01,55530
"Department for Levelling Up, Housing and Communities",Hong Kong British National Overseas (HKBNOs) Welcome Programme,4,128450,2021-04-01,2021-07-21,32112
"Department for Levelling Up, Housing and Communities",Levelling Up Fund,4,4618243,2021-04-01,2022-02-17,1154561
Department for Transport,EVHS / Home Chargers 21/22,4,2950,2021-04-01,2021-04-01,738
Masonic Charitable Foundation,Matched Funding,4,12100,2020-11-17,2024-01-29,3025
Power to Change Trust,COVID-19 Community Led Organisation Recovery Scheme (CCLORS),4,57897,2020-09-15,2020-10-14,14474
Sport England,Return to Play - Community Asset Fund,4,124030,2020-11-12,2021-05-19,31008
Sport England,School Games Organisers,4,95200,2022-03-23,2023-09-08,23800
Sport England,Toyota Parasport Fund,4,12130,2020-09-03,2022-01-26,3032
The Clothworkers' Foundation,Large Grants Programme,4,309800,2020-02-04,2022-11-29,77450
The Fore,,4,68900,2020-04-01,2022-12-01,17225
The Foyle Foundation,Small Grants Scheme,4,25000,2021-02-11,2023-09-18,6250
UK Community Foundations,NET Coronavirus Appeal,4,1529184,2020-03-27,2020-10-26,382296
Wolfson Foundation,Education,4,0,2020-06-11,2023-06-08,0
Barrow Cadbury Trust,TNLCF CV-19 Support Fund,3,65650,2020-08-25,2020-10-07,21883
Crisis UK,In This Together,3,14536,2020-04-09,2020-04-09,4845
"Department for Business, Energy and Industrial Strategy",UKRI - HEG - Scheme 22/23,3,97125,2022-04-01,2022-04-01,32375
"Department for Digital, Culture, Media & Sport",ALB - Historic England - Heritage Protection Commissions-fy 20/21,3,13978,2020-04-01,2020-04-01,4659
"Department for Digital, Culture, Media & Sport",Green Recovery Challenge Fund - Round 1,3,744970,2020-11-11,2021-07-16,248323
"Department for Digital, Culture, Media & Sport",Investment Funds,3,230000,2021-03-04,2023-03-16,76667
"Department for Digital, Culture, Media & Sport",Youth Covid Support Fund 2021,3,89576,2020-04-01,2020-04-01,29859
Department for Education,Additional Student Hardship Funding,3,308558,2021-04-29,2021-04-29,102853
Department for Education,Early Careers Framework Mentor Backfill Trial,3,4650,2020-04-01,2020-04-01,1550
Department for Education,Opportunity North East,3,203320,2021-04-01,2021-04-01,67773
"Department for Environment, Food and Rural Affairs",ALB - Rural Payments Agency - State Aid Funded (RD Measure 10),3,12571,2020-04-01,2020-04-01,4190
"Department for Environment, Food and Rural Affairs",Catchment Partnership Grant (CPG) - Water Environment Improvement Fund 2022-2025,3,54130,2022-04-01,2022-04-01,18043
"Department for Environment, Food and Rural Affairs",LA & IDB Capital Grants 2020/21,3,425000,2020-04-01,2020-04-01,141667
"Department for Environment, Food and Rural Affairs",Local Authorities Treescape Fund,3,288146,2021-04-01,2022-01-12,96049
"Department for Levelling Up, Housing and Communities",Digital Planning Reform,3,846000,2021-04-01,2021-06-02,282000
"Department for Levelling Up, Housing and Communities",Expansion of Waking Watch Relief Fund,3,507774,2021-04-01,2021-04-16,169258
Department for Transport,Mobility Centres 21/22,3,290757,2021-04-01,2021-04-01,96919
Department for Transport,Transforming Cities Fund 21/22,3,77278258,2021-04-01,2021-04-01,25759419
Home Office,EU Settlement Grant Scheme Funding 21/22,3,548258,2020-04-01,2020-04-01,182753
Masonic Charitable Foundation,Hospice,3,3650,2020-10-14,2021-11-10,1217
Masonic Charitable Foundation,Small Grant,3,45000,2020-02-10,2023-04-25,15000
Nesta,EdTech Innovation Fund,3,3750,2020-11-17,2020-11-20,1250
Paul Hamlyn Foundation,Arts Access and Participation - Access and Participation Fund,3,580000,2020-11-24,2022-05-16,193333
Paul Hamlyn Foundation,Arts Access and Participation - Inflation COL Support - APA,3,36350,2023-01-18,2023-01-18,12117
Smallwood Trust,DCMS Community Match programme,3,58983,2020-12-15,2020-12-16,19661
Sport England,COVID-19 Sport Winter Survival Package,3,341620,2020-11-30,2021-07-13,113873
The Bishop Radford Trust,,3,7000,2022-11-07,2023-01-26,2333
The Coutts Foundation,Women & Girls,3,128000,2020-11-12,2023-06-15,42667
The Dulverton Trust,General Welfare,3,149429,2021-10-28,2024-06-12,49810
The Foyle Foundation,School Library Scheme,3,13500,2021-07-08,2023-02-07,4500
The Henry Smith Charity ,Community Match Challenge,3,199800,2020-10-23,2020-10-23,66600
The Joseph Rank Trust,,3,110000,2020-01-27,2023-10-13,36667
The Leathersellers' Foundation,Small Grant,3,5500,2020-01-29,2022-05-18,1833
The National Lottery Community Fund,RC England Wide,3,622147,2020-07-23,2023-08-31,207382
The Trussell Trust,Coronavirus,3,4654,2020-04-01,2020-06-17,1551
The Trussell Trust,Covid19 Emergency Grants,3,4654,2020-04-01,2020-06-17,1551
The Trussell Trust,Emergency grant,3,27319,2022-10-11,2023-06-01,9106
Trusthouse Charitable Foundation,Small Grants,3,27658,2021-07-29,2021-12-10,9219
Virgin Money Foundation,#iwill Take Action Fund,3,82608,2021-12-11,2022-02-11,27536
Wolfson Foundation,Science and Medicine,3,2100000,2021-06-10,2023-06-08,700000
A B Charitable Trust,"Human Rights, particularly access to justice",2,40000,2020-04-23,2022-10-06,20000
Access to Justice Foundation,Community Justice Fund,2,102261,2021-08-09,2021-08-09,51130
Access to Justice Foundation,Community Justice Fund Wave Three,2,24196,2022-11-22,2022-11-22,12098
Access to Justice Foundation,Round One of Improving Lives Through Advice ,2,998584,2024-03-01,2024-03-01,499292
BBC Children in Need,Covid-19 Next Steps Grants,2,43879,2020-11-30,2020-11-30,21940
BBC Children in Need,Main Grants Autumn21,2,73331,2022-02-03,2022-10-20,36666
BBC Children in Need,Small Grants,2,59262,2020-03-20,2020-05-28,29631
CAF,CAF Resilience Fund Phase 2,2,551592,2021-11-05,2021-11-16,275796
CHK Foundation,,2,89000,2020-03-17,2022-09-07,44500
Cheshire Community Foundation,Assura Community Fund Grants Programme 2021,2,10000,2021-10-18,2021-10-18,5000
County Durham Community Foundation,Community Grants Funding Programme,2,9970,2022-09-14,2022-09-14,4985
County Durham Community Foundation,Covid19 Sustainability Fund,2,11000,2020-04-14,2020-05-05,5500
County Durham Community Foundation,Northumbrian Water Community Fund,2,900,2022-11-29,2022-11-29,450
County Durham Community Foundation,PHP Social Prescribing Fund,2,15000,2022-12-08,2022-12-08,7500
Crowdfunder,National Emergencies Trust Local Action Fund,2,8310,2022-05-04,2022-05-11,4155
Cumbria Community Foundation,Cumbria Fund,2,7250,2020-08-18,2021-07-14,3625
Cumbria Community Foundation,Multiple Funds,2,24640,2021-09-29,2022-07-21,12320
"Department for Business, Energy and Industrial Strategy",Green Homes Fund - Local Authority Delivery Phase 1,2,2992969,2020-04-01,2020-04-01,1496484
"Department for Business, Energy and Industrial Strategy",Social Housing Decarbonisation Main Fund,2,3661629,2022-02-07,2022-02-07,1830815
"Department for Business, Energy and Industrial Strategy",UKRI - UKRI - Scheme 21/22,2,449280,2022-03-01,2022-03-31,224640
"Department for Digital, Culture, Media & Sport",2020/21 Culture Recovery Fund for Independent Cinemas England (CRFICE),2,23677,2020-12-14,2021-03-26,11838
"Department for Digital, Culture, Media & Sport",ACE Emergency Funding,2,105100,2020-04-01,2020-04-01,52550
"Department for Digital, Culture, Media & Sport",ALB - Arts Council England - Investment Funds,2,315000,2020-04-01,2020-04-01,157500
"Department for Digital, Culture, Media & Sport",ALB - British Tourist Authority t/a VisitEngland - Destination Management Organisations' Marketing Recovery Fund 2020-22,2,75000,2021-02-26,2021-02-26,37500
"Department for Digital, Culture, Media & Sport",ALB - British Tourist Authority t/a VisitEngland - Destination Management Organisations' Recovery Marketing Fund (No. 2) 2021/23,2,100000,2022-01-31,2022-01-31,50000
"Department for Digital, Culture, Media & Sport",ALB - VisitBritain - Business Events Domestic Support Fund,2,12900,2021-07-09,2021-07-09,6450
"Department for Digital, Culture, Media & Sport",ALB-Historic England-Heritage Stimulus Fund Emergency Heritage at Risk Response Fund,2,19280,2021-02-05,2021-02-05,9640
"Department for Digital, Culture, Media & Sport",ALB-Sport England-Core Market,2,340620,2020-11-30,2021-02-04,170310
"Department for Digital, Culture, Media & Sport",Bridge Expansion,2,61866,2021-03-23,2022-03-22,30933
"Department for Digital, Culture, Media & Sport",Capital Investment Programme,2,949999,2022-03-04,2022-03-04,475000
"Department for Digital, Culture, Media & Sport",Children and Young People,2,63466,2022-03-23,2022-07-26,31733
"Department for Digital, Culture, Media & Sport",Future Radio Access Networks Competition (FRANC),2,967155,2022-03-14,2022-03-14,483577
"Department for Digital, Culture, Media & Sport",HMT Tampon Tax 19/20 Fund,2,46862,2020-02-14,2020-02-14,23431
"Department for Digital, Culture, Media & Sport",Heritage Capital Kickstart Fund,2,5867909,2020-12-15,2020-12-15,2933954
"Department for Digital, Culture, Media & Sport",PFI Grants to Local Authorities Paid via DLUHC,2,6416296,2021-04-01,2021-04-01,3208148
Department for Education,ALB-Office for Students-Additional capital funding,2,520000,2021-02-05,2021-02-05,260000
Department for Education,Competitive Capital 2021,2,4000000,2021-11-24,2021-11-24,2000000
Department for Education,Competitive Capital 2022-25,2,1334696,2022-11-08,2022-11-08,667348
Department for Education,Early Years Programme,2,578557,2020-04-01,2021-04-01,289278
Department for Education,Exceptional Capital Projects,2,101310,2020-04-01,2021-04-01,50655
Department for Education,Free Schools Project Development Grants,2,232500,2020-04-01,2020-04-01,116250
Department for Education,PG conversion,2,434003,2020-05-05,2020-05-05,217002
"Department for Environment, Food and Rural Affairs",ALB - Rural Payments Agency - School Milk subsidy - NSA P1,2,2224,2021-04-01,2021-04-01,1112
"Department for Environment, Food and Rural Affairs",Biodiversity Net Gain Planning Requirement ring fenced,2,53614,2022-04-01,2022-04-01,26807
"Department for Environment, Food and Rural Affairs",Countryside Stewardship,2,51609,2022-04-01,2022-04-01,25805
"Department for Environment, Food and Rural Affairs",M04 - Investments in physical assets Exchq funded NSA P2,2,8878,2021-04-01,2021-04-01,4439
"Department for Environment, Food and Rural Affairs",M10 - Agri-environment- Climate Exchq funded NSA P2,2,16128,2021-04-01,2021-04-01,8064
"Department for Environment, Food and Rural Affairs","NCF: Nature for Climate Peatland Discovery Grant Scheme Round 1, 2",2,374165,2021-12-10,2021-12-10,187082
"Department for Environment, Food and Rural Affairs",Natural Environment Investment Readiness Fund (NEIRF) 2021-2026,2,28890,2022-04-01,2022-04-01,14445
"Department for Environment, Food and Rural Affairs",RPA DOMESTIC SCHOOL MILK SCHEME,2,722,2022-04-01,2022-04-01,361
"Department for Levelling Up, Housing and Communities",BROWNFIELD HOUSING FUND,2,5404617,2020-04-01,2020-04-01,2702308
"Department for Levelling Up, Housing and Communities",COVID-19 SHIELDING SUPPORT,2,334660,2020-04-01,2020-04-01,167330
"Department for Levelling Up, Housing and Communities",DOMESTIC ABUSE,2,1428593,2020-04-01,2020-04-01,714296
"Department for Levelling Up, Housing and Communities",Homes for Ukraine,2,2728950,2021-04-01,2021-04-01,1364475
"Department for Levelling Up, Housing and Communities",LOCAL DIGITAL INNOVATION FUND,2,167500,2020-04-01,2020-04-01,83750
"Department for Levelling Up, Housing and Communities",Local Digital Collaboration Fund,2,422920,2021-04-01,2021-11-11,211460
"Department for Levelling Up, Housing and Communities",Local Resilience Forums,2,401992,2020-04-01,2021-05-21,200996
"Department for Levelling Up, Housing and Communities",MOVE ON FUND,2,437981,2020-04-01,2020-04-01,218990
"Department for Levelling Up, Housing and Communities",Mandating Data Transparency,2,26142,2020-04-01,2022-03-25,13071
"Department for Levelling Up, Housing and Communities",New Homes Bonus,2,6374383,2020-04-01,2021-04-07,3187192
"Department for Levelling Up, Housing and Communities",North of Tyne Devo Deal,2,40000000,2020-04-01,2021-05-24,20000000
"Department for Levelling Up, Housing and Communities",PFI and Joint Service Centre,2,2266684,2020-04-01,2021-06-24,1133342
"Department for Levelling Up, Housing and Communities",Partnerships for People and Place,2,100000,2021-04-01,2021-11-15,50000
"Department for Levelling Up, Housing and Communities",Rough Sleeping Initiative,2,1290148,2020-04-01,2021-04-23,645074
"Department for Levelling Up, Housing and Communities","SALES, FEES AND CHARGES",2,7488150,2020-04-01,2020-04-01,3744075
"Department for Levelling Up, Housing and Communities",UK Community Renewal Fund,2,2450751,2021-04-01,2021-11-12,1225376
Department for Transport,Workplace Charging Scheme 21/22,2,4550,2021-04-01,2021-04-01,2275
Department for Work and Pensions,Kickstart Scheme (2020-2021),2,87108,2020-04-01,2020-04-01,43554
Department of Health and Social Care,Autism Specific Health Checks,2,513552,2020-02-11,2020-02-11,256776
Esmée Fairbairn Foundation,TASK by Trustee,2,25000,2020-11-16,2023-12-01,12500
Home Office,Afghan Citizen Resettlement Scheme & Relocation and Assistance Policy,2,816748,2021-04-01,2021-04-01,408374
Home Office,Afghan Locally Engaged Staff Ex-Gratia Scheme 2021-22,2,295778,2020-04-01,2021-04-01,147889
Home Office,Leaving Care (LC) - ENGLAND,2,940950,2021-07-01,2022-08-02,470475
Home Office,Resettlement Programme - Healthcare,2,227673,2021-04-01,2022-04-01,113836
Home Office,Resettlement Programme - Post Arrival Support,2,785578,2021-04-19,2021-04-19,392789
Home Office,The Safer Streets Fund,2,1634071,2021-05-12,2022-07-08,817036
Home Office,Unaccompanied Asylum Seeking Children (UASC) - ENGLAND,2,1183522,2021-04-01,2021-04-01,591761
Indigo Trust,,2,60000,2020-03-26,2020-09-08,30000
John Ellerman Foundation,Arts,2,180000,2021-11-25,2022-07-28,90000
Lloyds Bank Foundation for England and Wales,Recovery,2,100000,2020-12-02,2020-12-02,50000
Masonic Charitable Foundation,Festival,2,11250,2020-06-08,2021-07-06,5625
Paul Hamlyn Foundation,Education and Learning through the Arts - Arts-based Learning Fund,2,408000,2022-07-18,2024-03-14,204000
Paul Hamlyn Foundation,Investing in Young People - Act for Change Fund,2,6500,2020-03-16,2021-01-18,3250
Paul Hamlyn Foundation,Other grants and programmes\COVID19 Emergency Fund - Organisations,2,40000,2020-04-09,2020-06-24,20000
Power to Change Trust,Leading The Way 2 (LTW),2,16000,2023-07-04,2023-07-04,8000
Rank Foundation,Time to Shine Grant,2,21598,2021-11-30,2021-11-30,10799
Sport England,COVID-19 Community Leisure Recovery Fund,2,87400,2021-07-12,2021-07-29,43700
Sport England,Facilities and Planning Monitoring and Evaluation,2,9960,2020-08-18,2020-08-24,4980
Sport England,Swimming Pool Support Fund,2,204888,2023-10-03,2024-02-06,102444
The Charity of Sir Richard Whittington,Church and Communities - Stronger Communities,2,170000,2021-04-20,2024-04-17,85000
The Clothworkers' Foundation,Clothworkers' Emergency Capital Programme,2,7800,2020-05-01,2020-07-03,3900
The Clothworkers' Foundation,"Research, Development and Partnerships",2,6000,2022-11-30,2022-11-30,3000
The Dulverton Trust,Africa,2,45962,2021-06-09,2023-06-07,22981
The Earl of Northampton's Charity,Church and Communities - Stronger Communities,2,39000,2020-04-29,2020-11-23,19500
The Greggs Foundation,Community Hub Programme Core Funding,2,105000,2021-05-19,2021-05-19,52500
The Henry Smith Charity ,COVID-19 Long-Term Support,2,187700,2022-04-07,2022-05-17,93850
The Pilgrim Trust,Social Welfare,2,46566,2020-06-03,2020-06-03,23283
The Segelman Trust,,2,120000,2022-07-12,2024-08-19,60000
The Trussell Trust,Organising & Local Mobilisation,2,283174,2021-12-03,2021-12-03,141587
Virgin Money Foundation,#iwill Take Action Fund ,2,70000,2021-03-25,2021-04-14,35000
Virgin Money Foundation,Community Resilience Fund ,2,29750,2020-05-11,2020-05-11,14875
Virgin Money Foundation,Volunteer and Connect Fund,2,4000,2024-03-27,2024-07-30,2000
Wolfson Foundation,Health and Disability,2,150000,2021-12-09,2022-12-07,75000
A B Charitable Trust,Access to Justice,1,22000,2023-08-21,2023-08-21,22000
A B Charitable Trust,The Criminal Legal system and penal reform,1,20000,2024-07-04,2024-07-04,20000
Access to Justice Foundation,Help Accessing Legal Support  (HALS),1,133455,2022-09-13,2022-09-13,133455
Access to Justice Foundation,Improving Outcomes Through Legal Support (IOTLS) grant,1,41332,2023-05-24,2023-05-24,41332
Access to Justice Foundation,Legal Support for Litigants in Person Grant,1,545824,2020-09-24,2020-09-24,545824
Alan & Babette Sainsbury Charitable Fund,,1,30000,2022-12-06,2022-12-06,30000
Architectural Heritage Fund,England [TPTH],1,79600,2021-01-29,2021-01-29,79600
BBC Children in Need,Core Grants,1,50000,2023-08-07,2023-08-07,50000
BBC Children in Need,Main Grants 2020,1,101995,2021-04-28,2021-04-28,101995
BBC Children in Need,Money Heroes,1,1000,2021-08-31,2021-08-31,1000
BBC Children in Need,Partnership Programme,1,2500,2022-11-30,2022-11-30,2500
Barrow Cadbury Trust,Criminal Justice,1,21660,2020-02-06,2020-02-06,21660
CAF,Keystone Fund,1,9040,2023-05-26,2023-05-26,9040
Cabinet Office,"Funding to Local Authorities in England, Scotland and Wales covering the additional cost of Individual Electoral Registration (IER) in FY 20/21 - initial funding round.",1,26759,2020-04-01,2020-04-01,26759
Cabinet Office,"Funding to Local Authorities in England, Scotland and Wales covering the additional cost of Individual Electoral Registration (IER) in FY 21/22",1,10222,2021-06-24,2021-06-24,10222
Cabinet Office,One Public Estate - Opportunities Development Fund,1,142000,2021-04-01,2021-04-01,142000
Cheshire Community Foundation,Assura Community Fund and Rugby League World Cup 2021,1,4940,2021-06-05,2021-06-05,4940
Corra Foundation,Promise Partnership,1,50000,2021-03-29,2021-03-29,50000
Crisis UK,Home For All,1,60000,2020-10-21,2020-10-21,60000
"Department for Business, Energy and Industrial Strategy",Energy Bills Support Scheme: Alternative Funding (GB),1,1157440,2022-04-01,2022-04-01,1157440
"Department for Business, Energy and Industrial Strategy",Energy Bills Support Scheme: Alternative Funding (GB) - New Burdens (EBSSAFGB_NB),1,21170,2022-04-01,2022-04-01,21170
"Department for Business, Energy and Industrial Strategy",Energy Price Guarantee Alternative Fuel Payment (EPG AFP),1,52000,2022-04-01,2022-04-01,52000
"Department for Business, Energy and Industrial Strategy",Energy Price Guarantee Alternative Fuel Payment Alternative Fund (EPG AFP AF)??,1,52000,2022-04-01,2022-04-01,52000
"Department for Business, Energy and Industrial Strategy",Energy Price Guarantee: Alternative Fuel Payment - Alternative Funding - New Burdens (EPG AFP AF_NB),1,4500,2022-04-01,2022-04-01,4500
"Department for Business, Energy and Industrial Strategy",Green Homes Grant - Local Authority Delivery (LAD) Phase 3,1,968552,2021-10-14,2021-10-14,968552
"Department for Business, Energy and Industrial Strategy",Heat Networks Efficiency Scheme Demonstrator,1,20157,2022-01-26,2022-01-26,20157
"Department for Business, Energy and Industrial Strategy",Home Upgrade Grant (HUG 1),1,277432,2021-10-14,2021-10-14,277432
"Department for Business, Energy and Industrial Strategy",Omicron Hospitality and Leisure Grant,1,3414123,2022-01-01,2022-01-01,3414123
"Department for Business, Energy and Industrial Strategy",Public Sector Decarbonisation Scheme (Phase 3),1,420639,2022-10-20,2022-10-20,420639
"Department for Business, Energy and Industrial Strategy",Restart Grant,1,19224603,2021-04-25,2021-04-25,19224603
"Department for Business, Energy and Industrial Strategy",Small Business Grants Fund (SBGF) - Discretionary Fund,1,3257250,2020-04-01,2020-04-01,3257250
"Department for Business, Energy and Industrial Strategy",Small and Retail Hospitality Business Support Grants Fund Cohort 1,1,63782000,2020-04-01,2020-04-01,63782000
"Department for Business, Energy and Industrial Strategy",Small business retail and leisure local restrictions Grant 20-21 Cohort 2,1,46905723,2020-04-01,2020-04-01,46905723
"Department for Business, Energy and Industrial Strategy",UKRI - Newton Fund - Scheme 22/23,1,-19790,2022-04-01,2022-04-01,-19790
"Department for Business, Energy and Industrial Strategy",UKRI - UKRI - Scheme 22/23,1,4408,2022-04-01,2022-04-01,4408
"Department for Digital, Culture, Media & Sport",20/21 General,1,17000,2020-07-08,2020-07-08,17000
"Department for Digital, Culture, Media & Sport",2020/21 Young Audiences Content Fund (YACF),1,31500,2020-11-04,2020-11-04,31500
"Department for Digital, Culture, Media & Sport",2021/22 UK Global Screen Fund (UKGSF),1,80000,2021-12-01,2021-12-01,80000
"Department for Digital, Culture, Media & Sport",21/22 General,1,17000,2021-10-20,2021-10-20,17000
"Department for Digital, Culture, Media & Sport",ALB - Arts Council England - Bridge Expansion,1,30933,2020-04-01,2020-04-01,30933
"Department for Digital, Culture, Media & Sport",ALB - British Tourist Authority t/a VisitBritain - GREAT Gateway Innovation Fund 2022/24,1,112044,2022-11-17,2022-11-17,112044
"Department for Digital, Culture, Media & Sport",ALB - British Tourist Authority t/a VisitEngland - COVID-19 Destination Management Resilience Scheme,1,29866,2020-04-01,2020-04-01,29866
"Department for Digital, Culture, Media & Sport",ALB - British Tourist Authority t/a VisitEngland - Discover England Fund Year 5 2020/21,1,214400,2020-10-01,2020-10-01,214400
"Department for Digital, Culture, Media & Sport",ALB - Historic England - Repair Grants for Heritage at Risk - f/y 20/21,1,7575,2020-04-01,2020-04-01,7575
"Department for Digital, Culture, Media & Sport",ALB - Historic England - Repair Grants for Heritage at Risk - f/y 21/22,1,10456,2021-04-01,2021-04-01,10456
"Department for Digital, Culture, Media & Sport",ALB - National Heritage Memorial Fund - Heritage Capital Kickstart Fund 2020-21,1,114000,2020-12-15,2020-12-15,114000
"Department for Digital, Culture, Media & Sport",ALB - VisitBritain - Business Events Growth Programme 2020/23,1,25960,2021-07-15,2021-07-15,25960
"Department for Digital, Culture, Media & Sport",ALB - VisitBritain - Business Events Growth Programme 2020/24,1,3995,2022-06-07,2022-06-07,3995
"Department for Digital, Culture, Media & Sport",ALB - VisitEngland - pilot Destination Development Partnership (North-East) 2022-25,1,750000,2022-11-24,2022-11-24,750000
"Department for Digital, Culture, Media & Sport",ALB-Historic England-Covid-19 Emergency Response Fund Resilience Grants,1,18245,2020-04-01,2020-04-01,18245
"Department for Digital, Culture, Media & Sport",COVID19,1,1000,2021-07-13,2021-07-13,1000
"Department for Digital, Culture, Media & Sport",Capital/Infrastructure,1,2000000,2023-02-07,2023-02-07,2000000
"Department for Digital, Culture, Media & Sport",Cultural Compacts,1,14800,2023-02-08,2023-02-08,14800
"Department for Digital, Culture, Media & Sport",Culture Recovery Fund: Cultural Capital Kickstart Fund (ACE),1,85911,2020-04-01,2020-04-01,85911
"Department for Digital, Culture, Media & Sport",Dynamo Cyber Skills Pilot Cluster Project 2021,1,5000,2020-04-01,2020-04-01,5000
"Department for Digital, Culture, Media & Sport",HMT Tampon Tax 20/21 Fund,1,141130,2020-12-01,2020-12-01,141130
"Department for Digital, Culture, Media & Sport",Transition Fund,1,62622,2023-03-24,2023-03-24,62622
Department for Education,ALB-Office for Students-PG conversion,1,115950,2020-05-05,2020-05-05,115950
Department for Education,DCMS Foundation Data Skills,1,57458,2021-10-03,2021-10-03,57458
Department for Education,DHSC Mental Health Funding,1,48331,2021-09-01,2021-09-01,48331
Department for Education,Early Years Professional Development Programme (Phase 2): Building on Success,1,22100,2021-04-01,2021-04-01,22100
Department for Education,Environmental Improvement Grant,1,80000,2020-04-01,2020-04-01,80000
Department for Education,FE Additional Capital Allocation,1,1284448,2022-04-01,2022-04-01,1284448
Department for Education,FE Capital Transformation,1,11373,2021-04-01,2021-04-01,11373
Department for Education,FE Initial Teacher Education Financial Incentives,1,250468,2022-04-01,2022-04-01,250468
Department for Education,Full Fibre Broadband,1,16004,2020-04-01,2020-04-01,16004
Department for Education,GRENFELL CAPITAL,1,2164,2020-04-01,2020-04-01,2164
Department for Education,Modular HE Pilot,1,90463,2021-12-02,2021-12-02,90463
Department for Education,Multi-Agency Safeguarding: Implementing the Reforms,1,40000,2020-04-01,2020-04-01,40000
Department for Education,Music And Dance Scheme,1,232396,2022-04-01,2022-04-01,232396
Department for Education,Priority School Building Programme,1,38370,2020-04-01,2020-04-01,38370
Department for Education,Priority Schools Building Programme 2,1,88565,2020-04-01,2020-04-01,88565
Department for Education,SCHOOL REBUILDING PROGRAMME,1,50238,2020-04-01,2020-04-01,50238
Department for Education,"Strengthening Families, Protecting Children (SFPC) grant",1,775000,2020-04-01,2020-04-01,775000
Department for Education,Sub-National Supply,1,42124,2020-04-01,2020-04-01,42124
Department for Education,Subject Knowledge Enhancements,1,12710,2020-04-01,2020-04-01,12710
Department for Education,T - Level Capital,1,4597902,2020-04-01,2020-04-01,4597902
Department for Education,Uni Connect,1,2041130,2022-07-11,2022-07-11,2041130
Department for Education,Wellbeing for education recovery,1,29437,2021-04-01,2021-04-01,29437
"Department for Environment, Food and Rural Affairs",Air Quality Grant 2021-22 Revenue Grant to LA,1,2500000,2021-04-01,2021-04-01,2500000
"Department for Environment, Food and Rural Affairs",Air Quality Grant FY 2022-2023,1,300000,2022-04-01,2022-04-01,300000
"Department for Environment, Food and Rural Affairs",Covid-19 Food Charity Grant Scheme,1,31130,2020-06-23,2020-06-23,31130
"Department for Environment, Food and Rural Affairs",Fisheries and Seafood Scheme (FaSS) 1,1,54627,2022-02-22,2022-02-22,54627
"Department for Environment, Food and Rural Affairs",Seafood Response Fund and Seafood Disruption Support Scheme,1,5996,2021-04-01,2021-04-01,5996
"Department for Environment, Food and Rural Affairs",Surface Water Maps Part 2 2022-2024,1,15000,2022-04-01,2022-04-01,15000
"Department for Environment, Food and Rural Affairs",Taxi and Private Hire Vehicle Data Upload Grants April 2022,1,597,2022-04-01,2022-04-01,597
"Department for Environment, Food and Rural Affairs",Taxi and Private Hire Vehicle Data Upload Grants January 2023,1,597,2022-04-01,2022-04-01,597
"Department for Environment, Food and Rural Affairs",Tree Production Innovation Fund,1,72298,2021-04-01,2021-04-01,72298
"Department for Environment, Food and Rural Affairs",UK Seafood Fund: Grant for Modernising the fleet through exploring replacement engines in the Small Scale Coastal Fleet,1,13437,2023-11-13,2023-11-13,13437
"Department for Environment, Food and Rural Affairs",Water Environment Improvement Fund - Catchment Partnership Action Fund (CPAF) 2020-2022,1,15000,2020-05-15,2020-05-15,15000
"Department for Levelling Up, Housing and Communities",ACCELERATED CONSTRUCTION,1,1779897,2020-04-01,2020-04-01,1779897
"Department for Levelling Up, Housing and Communities",AFFORDABLE HOUSING GRANT,1,3739444,2020-04-01,2020-04-01,3739444
"Department for Levelling Up, Housing and Communities",Accelerated Construction,1,239702,2022-03-29,2022-03-29,239702
"Department for Levelling Up, Housing and Communities",BUSINESS IMPROVEMENT DISTRICTS,1,95157,2020-04-01,2020-04-01,95157
"Department for Levelling Up, Housing and Communities",Building Safety Fund,1,86638,2020-04-01,2020-04-01,86638
"Department for Levelling Up, Housing and Communities",COMMUNITY BASED ENGLISH LANGUAGE,1,175674,2020-04-01,2020-04-01,175674
"Department for Levelling Up, Housing and Communities",COMMUNITY CHAMPIONS,1,311319,2020-04-01,2020-04-01,311319
"Department for Levelling Up, Housing and Communities",COMMUNITY HOUSING FUND,1,12000,2020-04-01,2020-04-01,12000
"Department for Levelling Up, Housing and Communities",COVID-19 COMPLIANCE AND ENFORCEMENT GRANT,1,195309,2020-04-01,2020-04-01,195309
"Department for Levelling Up, Housing and Communities",Changing Places,1,60000,2020-04-01,2020-04-01,60000
"Department for Levelling Up, Housing and Communities",Cold Weather Payments,1,51370,2021-05-21,2021-05-21,51370
"Department for Levelling Up, Housing and Communities",Community Based English Language,1,197223,2021-08-20,2021-08-20,197223
"Department for Levelling Up, Housing and Communities",Community Champions,1,185000,2021-04-06,2021-04-06,185000
"Department for Levelling Up, Housing and Communities",Covid-19 Shielding Support,1,543109,2021-04-22,2021-04-22,543109
"Department for Levelling Up, Housing and Communities",Cyber Security Resilience,1,100000,2022-02-01,2022-02-01,100000
"Department for Levelling Up, Housing and Communities",DISABLED FACILITIES GRANTS (N),1,2722478,2020-04-01,2020-04-01,2722478
"Department for Levelling Up, Housing and Communities",Domestic Abuse,1,737705,2022-04-01,2022-04-01,737705
"Department for Levelling Up, Housing and Communities",FAITH RACE HATE - GRANT SCHEME,1,72017,2020-04-01,2020-04-01,72017
"Department for Levelling Up, Housing and Communities",Faith New Deal,1,58400,2022-04-01,2022-04-01,58400
"Department for Levelling Up, Housing and Communities",Faith Race Hate - Grant Scheme,1,27073,2021-09-01,2021-09-01,27073
"Department for Levelling Up, Housing and Communities",HOMELESSNESS REDUCTION NEW BURDENS,1,141981,2020-04-01,2020-04-01,141981
"Department for Levelling Up, Housing and Communities",HOUSING INFASTRUCUTRE,1,7641371,2020-04-01,2020-04-01,7641371
"Department for Levelling Up, Housing and Communities",HRS COVID-19 RESPONSE,1,15750,2020-04-01,2020-04-01,15750
"Department for Levelling Up, Housing and Communities",Help to Buy,1,11607,2022-03-30,2022-03-30,11607
"Department for Levelling Up, Housing and Communities",Holocaust Awareness Raising,1,30000,2021-04-01,2021-04-01,30000
"Department for Levelling Up, Housing and Communities",Housing Infrastructure Fund,1,199215,2021-08-23,2021-08-23,199215
"Department for Levelling Up, Housing and Communities",LA - NEW HOMES BONUS,1,6592394,2020-04-01,2020-04-01,6592394
"Department for Levelling Up, Housing and Communities",LA HOMELESSNESS (D),1,77580,2020-04-01,2020-04-01,77580
"Department for Levelling Up, Housing and Communities",LETTING AGENT FEE TRANSPARENCY & REDRESS,1,793,2020-04-01,2020-04-01,793
"Department for Levelling Up, Housing and Communities",LOCAL RESILIENCE FORUMS (LRFS),1,200000,2020-04-01,2020-04-01,200000
"Department for Levelling Up, Housing and Communities",Local Authority Housing Fund (LAHF),1,593602,2022-04-01,2022-04-01,593602
"Department for Levelling Up, Housing and Communities",MANDATING DATA TRANSPARENCY,1,13071,2020-04-01,2020-04-01,13071
"Department for Levelling Up, Housing and Communities",MAYORAL CAPACITY FUND,1,1000000,2020-04-01,2020-04-01,1000000
"Department for Levelling Up, Housing and Communities","Markets, Places & People",1,143443,2020-04-01,2020-04-01,143443
"Department for Levelling Up, Housing and Communities",Mayoral Capacity Fund,1,1000000,2020-04-01,2020-04-01,1000000
"Department for Levelling Up, Housing and Communities",NEW BURDEN PAYMENT - FIT & PROPER TEST,1,568,2020-04-01,2020-04-01,568
"Department for Levelling Up, Housing and Communities",NEXT STEPS ACCOMMODATION PROGRAMME,1,150000,2020-04-01,2020-04-01,150000
"Department for Levelling Up, Housing and Communities",NORTH OF TYNE DEVO DEAL,1,20000000,2020-04-01,2020-04-01,20000000
"Department for Levelling Up, Housing and Communities",PFI AND JOINT SERVICE CENTRE,1,1133342,2020-04-01,2020-04-01,1133342
"Department for Levelling Up, Housing and Communities",PLANNING DELIVERY FUND,1,50000,2020-04-01,2020-04-01,50000
"Department for Levelling Up, Housing and Communities",Pavement Licensing New Burdens,1,10248,2021-04-01,2021-04-01,10248
"Department for Levelling Up, Housing and Communities",Planning Delivery Fund,1,20382,2021-04-19,2021-04-19,20382
"Department for Levelling Up, Housing and Communities",ROGUE LANDLORD NEW BURDENS,1,440,2020-04-01,2020-04-01,440
"Department for Levelling Up, Housing and Communities",ROUGH SLEEPING INITIATIVE,1,490194,2020-04-01,2020-04-01,490194
"Department for Levelling Up, Housing and Communities",ROUGH SLEEPING SOCIAL IMPACT BOND (PBR),1,341940,2020-04-01,2020-04-01,341940
"Department for Levelling Up, Housing and Communities",RTB RENT,1,144822,2020-04-01,2020-04-01,144822
"Department for Levelling Up, Housing and Communities",Rough Sleeping Accommodation Programme,1,80500,2020-04-01,2020-04-01,80500
"Department for Levelling Up, Housing and Communities",Rough Sleeping Social Impact Bond (PBR),1,89300,2021-05-21,2021-05-21,89300
"Department for Levelling Up, Housing and Communities","Sales, Fees and Charges",1,4979951,2021-09-29,2021-09-29,4979951
"Department for Levelling Up, Housing and Communities",TF SERVICE TRANSFORMATION PHASE2,1,400000,2020-04-01,2020-04-01,400000
"Department for Levelling Up, Housing and Communities",TROUBLED FAMILIES ATTACHMENT FEE PHASE 2,1,301400,2020-04-01,2020-04-01,301400
"Department for Levelling Up, Housing and Communities",TROUBLED FAMILIES RESULTS PHASE 2,1,281600,2020-04-01,2020-04-01,281600
"Department for Levelling Up, Housing and Communities",The Protect Programme,1,16050,2021-05-21,2021-05-21,16050
"Department for Levelling Up, Housing and Communities",Ukraine Welcome Point Funding,1,20000,2022-03-30,2022-03-30,20000
Department for Transport,Airport and Ground Operations Support Scheme (AGOSS) 20/21,1,2639183,2020-04-01,2020-04-01,2639183
Department for Transport,HMT Economic Data Innovation Fund,1,136957,2022-04-01,2022-04-01,136957
Department for Transport,JAQU NO2 Plan - Early Measures Fund,1,10000000,2020-04-01,2020-04-01,10000000
Department for Transport,Low Emission Bus Scheme,1,390000,2020-04-01,2020-04-01,390000
Department for Transport,MCA grant 21-25,1,178571,2021-04-01,2021-04-01,178571
Department for Transport,Major Road Network / Large Local Majors (MRN/LLM),1,1105300,2022-04-01,2022-04-01,1105300
Department for Transport,Nexus Grants - Capital 20/21,1,18517358,2020-04-01,2020-04-01,18517358
Department for Transport,Nexus Grants - Capital 21/22,1,24897033,2021-04-01,2021-04-01,24897033
Department for Transport,Nexus Grants - Resource 20/21,1,26590000,2020-04-01,2020-04-01,26590000
Department for Transport,Nexus Grants - Resource 21/22,1,29248333,2021-04-01,2021-04-01,29248333
Department for Transport,Nexus New Fleet Grants 20/21,1,8505000,2020-04-01,2020-04-01,8505000
Department for Transport,Safer Roads Fund,1,3650000,2022-04-01,2022-04-01,3650000
Department for Work and Pensions,COVID LOCAL SUPPORT GRANT (CLSG),1,1350080,2021-04-01,2021-04-01,1350080
Department for Work and Pensions,HOUSEHOLD SUPPORT FUND GRANT (HSFG),1,1049996,2021-04-01,2021-04-01,1049996
Department for Work and Pensions,Household Support Fund Grant (HSFG),1,5796808,2022-04-01,2022-04-01,5796808
Department for Work and Pensions,REDUCING PARENTAL CONFLICT (RPC),1,11000,2021-04-01,2021-04-01,11000
Department for Work and Pensions,REDUCING PARENTAL CONFLICT - LOCAL GRANT (RPC LG),1,70495,2022-04-01,2022-04-01,70495
Department for Work and Pensions,VERIFICATION OF EARNINGS AND PENSION ALERTS (VEPS),1,14688,2022-04-01,2022-04-01,14688
Department of Health and Social Care,ALB - NHS BSA - Education Support Grants 20-21,1,17852000,2020-04-01,2020-04-01,17852000
Department of Health and Social Care,COVID Dental Schools,1,133280,2020-04-01,2020-04-01,133280
Department of Health and Social Care,Children and Young People?s Hospice Grant 2021-22,1,284553,2021-09-14,2021-09-14,284553
Department of Health and Social Care,Disabled Facilities Grants,1,2722478,2021-05-03,2021-05-03,2722478
Department of Health and Social Care,Hospice Grant 2022/23,1,371297,2022-06-01,2022-06-01,371297
Department of Health and Social Care,Mass Spectometry,1,268942,2020-04-01,2020-04-01,268942
Department of Health and Social Care,Newcastle Univeristy - wastewater epidemiology,1,194721,2021-04-01,2021-04-01,194721
Department of Health and Social Care,Rough Sleeping Drug and Alcohol Treatment Grant Scheme 2022-2025,1,239471,2022-04-01,2022-04-01,239471
Department of Health and Social Care,TTSP_Test and Trace Support Payments_21/22_Q3_OctNovDec21_extension,1,607737,2021-06-22,2021-06-22,607737
Home Office,Domestic Abuse Perpetrator Intervention Fund,1,199875,2022-05-16,2022-05-16,199875
Home Office,Drug Testing on Arrest,1,4858,2022-07-22,2022-07-22,4858
Home Office,Family Assessment Payment Grant,1,600,2021-12-17,2021-12-17,600
Home Office,Leaving Care (LC) - ENGLAND 2020-21,1,610149,2020-04-01,2020-04-01,610149
Home Office,Local Authority Community Co-ordinator,1,53976,2020-04-01,2020-04-01,53976
Home Office,Resettlement Programme - Healthcare 2020-21,1,125639,2020-04-01,2020-04-01,125639
Home Office,Safety of Women at Night Fund,1,105417,2021-11-04,2021-11-04,105417
Home Office,Serious Violence Fund - Violence Reduction Units,1,2891384,2022-05-05,2022-05-05,2891384
Home Office,Unaccompanied Asylum Seeking Children (UASC) - ENGLAND 2020-21,1,355680,2020-04-01,2020-04-01,355680
Hyde Charitable Trust,Energy grant 22/23,1,53287,2022-11-22,2022-11-22,53287
J J Charitable Trust,,1,5000,2023-03-07,2023-03-07,5000
Leeds Community Foundation,Community Partnering Fund,1,5000,2020-05-19,2020-05-19,5000
Lloyd's Register Foundation,,1,9947,2023-03-01,2023-03-01,9947
Lloyds Bank Foundation for England and Wales,Racial Equity,1,75000,2023-10-04,2023-10-04,75000
Masonic Charitable Foundation,Freemasons COVID-19 Community Fund,1,20000,2020-12-03,2020-12-03,20000
Masonic Charitable Foundation,Large Grant,1,44977,2021-11-10,2021-11-10,44977
McCarthy Stone Foundation,2022 Christmas Connections,1,430,2022-12-05,2022-12-05,430
McCarthy Stone Foundation,2022 Spring Awards,1,5000,2022-03-16,2022-03-16,5000
McCarthy Stone Foundation,2023 Spring Community Grants,1,4000,2023-04-19,2023-04-19,4000
McCarthy Stone Foundation,2023 Winter Warm Spaces,1,750,2023-07-26,2023-07-26,750
Mercers' Charitable Foundation,COVID-19 Rapid Response Fund for Existing Grantholders,1,7727,2020-03-27,2020-03-27,7727
Mercers' Charitable Foundation,Church and Communities - Better Outcomes for Families,1,55919,2024-06-26,2024-06-26,55919
Ministry of Defence,Armed Forces Day FY21/22,1,3320,2021-04-01,2021-04-01,3320
Ministry of Defence,COVID19 Impact Fund,1,7574,2020-06-15,2020-06-15,7574
Ministry of Defence,HMT/AFCFT fund for Afghan veterans,1,35000,2022-03-29,2022-03-29,35000
Ministry of Justice,ALB - YJB - Reducing Serious Youth Violence - Newcastle Pathfinder,1,40000,2020-01-01,2020-01-01,40000
Ministry of Justice,Cafcass: Supported Child Contact Centres (SCCC),1,2670,2020-01-01,2020-01-01,2670
Ministry of Justice,Pathfinder - Reducing Serious Youth Violence: Newcastle,1,80000,2021-04-01,2021-04-01,80000
Ministry of Justice,Supported Child Contact Centres (SCCC),1,2500,2021-04-01,2021-04-01,2500
Ministry of Justice,YJB Pathfinder - Reducing Serious Youth Violence - Newcastle,1,80000,2020-04-01,2020-04-01,80000
National Churches Trust,Cornerstone,1,15000,2020-11-05,2020-11-05,15000
National Churches Trust,Foundation,1,2000,2021-08-02,2021-08-02,2000
National Churches Trust,Small Grants Programme,1,4000,2023-10-31,2023-10-31,4000
Nesta,Longitude Prize on Dementia,1,80000,2023-08-16,2023-08-16,80000
Nuffield Foundation,,1,7000,2020-09-04,2020-09-04,7000
Paul Hamlyn Foundation,Migration and Integration - Inflation COL support - M&I,1,8000,2023-01-18,2023-01-18,8000
Paul Hamlyn Foundation,Migration and Integration - Shared Ground Fund,1,160000,2020-09-14,2020-09-14,160000
Paul Hamlyn Foundation,Other grants and programmes - Strategic Interventions Fund,1,90000,2023-03-06,2023-03-06,90000
Paul Hamlyn Foundation,Other grants and programmes\COVID19 Emergency Fund,1,10000,2020-04-28,2020-04-28,10000
Power to Change Trust,Covid-19 Renewal Initiative,1,11572,2021-05-14,2021-05-14,11572
Power to Change Trust,Trade Up (TU),1,10000,2020-04-22,2020-04-22,10000
Power to Change Trust,Trade Up 2.0,1,5000,2023-10-26,2023-10-26,5000
Power to Change Trust,W.sale / Blended - Community Shares (CSh),1,720,2023-11-27,2023-11-27,720
Rank Foundation,Rank Golden Awards,1,20000,2022-03-23,2022-03-23,20000
Sam and Bella Sebba Charitable Foundation,"Migrants, Refugees and Asylum Seekers",1,100000,2022-11-24,2022-11-24,100000
Sport England,Active Environments,1,2100000,2022-11-14,2022-11-14,2100000
Sport England,COVID-19 Innovative Solutions,1,9000,2020-11-04,2020-11-04,9000
Sport England,COVID-19 National Leisure Recovery Fund,1,770975,2021-03-16,2021-03-16,770975
Sport England,Capital Transition Place Funding - Exch,1,500000,2024-03-25,2024-03-25,500000
Sport England,Flood Relief 2021,1,4600,2021-03-30,2021-03-30,4600
Sport England,Local Delivery Pilots,1,330124,2021-07-07,2021-07-07,330124
Sport England,Secondary Teacher Training,1,23450,2021-04-08,2021-04-08,23450
Sport England,Strategic Facilities,1,2000000,2023-02-07,2023-02-07,2000000
Sport England,This Girl Can - Local Activation,1,92452,2020-02-07,2020-02-07,92452
Sport England,WEURO Legacy Fund,1,2000,2022-05-24,2022-05-24,2000
The Archbishops' Council ,Heritage Stimulus Major Works Fund 2021 - Covid 19,1,54465,2021-09-24,2021-09-24,54465
The Childhood Trust,Champions for Children 2020 - Covid-19,1,10000,2020-07-03,2020-07-03,10000
The Childhood Trust,Champions for Children 2021,1,2500,2021-06-22,2021-06-22,2500
The Childhood Trust,Champions for Children 2022,1,2500,2022-06-28,2022-06-28,2500
The Childhood Trust,Champions for Children 2023,1,2500,2023-06-20,2023-06-20,2500
The Childhood Trust,Christmas Challenge 2022,1,12500,2022-06-12,2022-06-12,12500
The Dulverton Trust,Heritage,1,20000,2020-10-21,2020-10-21,20000
The Foyle Foundation,Main Grants Scheme (Capital £75K +),1,75000,2022-11-29,2022-11-29,75000
The Henry Smith Charity ,COVID-19,1,54300,2020-12-08,2020-12-08,54300
The MSE Charity,Living with Long Term Challenges,1,7842,2024-03-29,2024-03-29,7842
The National Archives,Cataloguing Grants,1,35000,2022-07-01,2022-07-01,35000
The National Lottery Community Fund,Coronavirus Community Support Fund – Standard,1,40711,2020-07-10,2020-07-10,40711
The National Lottery Community Fund,National Lottery COVID-19 Fund - Over £10000,1,38602,2020-10-23,2020-10-23,38602
The National Lottery Community Fund,Together for Our Planet - UK,1,9984,2021-11-19,2021-11-19,9984
The Trussell Trust,Strategic Facilities,1,29634,2023-10-25,2023-10-25,29634
The Trussell Trust,Strategic Resources,1,31825,2023-10-23,2023-10-23,31825
True Colours Trust,,1,10000,2021-03-16,2021-03-16,10000
Trusthouse Charitable Foundation,Major Grants,1,87023,2022-04-28,2022-04-28,87023
Virgin Money Foundation,Glasgow Community Anchors' Fund,1,30000,2021-03-15,2021-03-15,30000
Virgin Money Foundation,Leading the Way,1,8000,2022-05-10,2022-05-10,8000
