organisation,funding_geo_code,funding_geo_name,IPSO,NPO,Project Grant,latitude,longitude,company_category,accounts_category,company_number,company_status,dissolution_date,incorporation_date,post_town,sic_code,uri,type,score,charity_name,registered_charity_number,charity_company_registration_number,charity_contact_postcode,charity_contact_web,charity_latest_expenditure,charity_latest_income,pcds,oslaua
4M Puppets,E08000021,Newcastle upon Tyne,,,True,,,,,,,,,,,,,,,,,,,,,,
Abdulrahman Abu - Zayd,E08000037,Gateshead,,,True,,,,,,,,,,,,,,,,,,,,,,
Action for Children,E06000057,Northumberland,,,True,,,"PRI/LBG/NSC (Private, Limited by guarantee, no share capital, use of 'Limited' exemption)",GROUP,04764232,Active,,2003-05-14 00:00:00,WATFORD,"['87900 - Other residential care activities n.e.c.'
 '88990 - Other social work activities without accommodation n.e.c.']",http://business.data.gov.uk/id/company/04764232,direct,100,,,,,,,,WD18 8AG,
Adam Phillips,E08000037,Gateshead,,,True,,,,,,,,,,,,,,,,,,,,,,
Adam Shield,E08000021,Newcastle upon Tyne,,,True,,,,,,,,,,,,,,,,,,,,,,
Adinda van 't Klooster,E08000021,Newcastle upon Tyne,,,True,,,,,,,,,,,,,,,,,,,,,,
Aidan Moesby,E08000037,Gateshead,,,True,,,,,,,,,,,,,,,,,,,,,,
Alexander Duff,E08000037,Gateshead,,,True,,,,,,,,,,,,,,,,,,,,,,
Ali Pritchard,E08000021,Newcastle upon Tyne,,,True,,,,,,,,,,,,,,,,,,,,,,
Alicia Meehan,E08000021,Newcastle upon Tyne,,,True,,,,,,,,,,,,,,,,,,,,,,
Alison Carr,E06000047,County Durham,,,True,,,,,,,,,,,,,,,,,,,,,,
Alison Carr,E08000021,Newcastle upon Tyne,,,True,,,,,,,,,,,,,,,,,,,,,,
Alison Stanley,E08000022,North Tyneside,,,True,,,,,,,,,,,,,,,,,,,,,,
Alison Wilkes,E08000037,Gateshead,,,True,,,,,,,,,,,,,,,,,,,,,,
Alistair McDonald,E06000057,Northumberland,,,True,,,,,,,,,,,,,,,,,,,,,,
Allan Hughes,E08000021,Newcastle upon Tyne,,,True,,,,,,,,,,,,,,,,,,,,,,
Allenheads Contemporary Arts,E06000057,Northumberland,,,True,54.803154,-2.215818,"PRI/LTD BY GUAR/NSC (Private, limited by guarantee, no share capital)",TOTAL EXEMPTION FULL,06764121,Active,,2008-12-02 00:00:00,HEXHAM,['85520 - Cultural education'],http://business.data.gov.uk/id/company/06764121,fuzzy,95,,,,,,,,NE47 9HR,E06000057
Allison Davies,E06000057,Northumberland,,,True,,,,,,,,,,,,,,,,,,,,,,
Alnwick Playhouse,E06000057,Northumberland,,,True,,,,,,,,,,,,,,,,,,,,,,
Alphabetti Theatre,E08000021,Newcastle upon Tyne,,,True,,,Charitable Incorporated Organisation,NO ACCOUNTS FILED,CE006183,Active,,2016-04-08 00:00:00,,['None Supplied'],http://business.data.gov.uk/id/company/CE006183,direct,100,,,,,,,,,
Alys North,E08000021,Newcastle upon Tyne,,,True,,,,,,,,,,,,,,,,,,,,,,
Amanda Drago,E06000057,Northumberland,,,True,,,,,,,,,,,,,,,,,,,,,,
Amanda Ogden,E06000047,County Durham,,,True,,,,,,,,,,,,,,,,,,,,,,
Amber Film & Photography Collective,E08000021,Newcastle upon Tyne,,,True,54.969190,-1.608416,Community Interest Company,TOTAL EXEMPTION FULL,07218282,Active,,2010-04-09 00:00:00,NEWCASTLE UPON TYNE,"['59111 - Motion picture production activities'
 '59140 - Motion picture projection activities'
 '91012 - Archives activities']",http://business.data.gov.uk/id/company/07218282,fuzzy,95,,,,,,,,NE1 3JE,E08000021
Amble Development Trust,E06000057,Northumberland,,,True,55.333349,-1.581805,"PRI/LBG/NSC (Private, Limited by guarantee, no share capital, use of 'Limited' exemption)",TOTAL EXEMPTION FULL,02990425,Active,,1994-11-15 00:00:00,MORPETH,['96090 - Other service activities n.e.c.'],http://business.data.gov.uk/id/company/02990425,direct,100,,,,,,,,NE65 0DT,E06000057
Amy Golding,E08000022,North Tyneside,,,True,,,,,,,,,,,,,,,,,,,,,,
Amy Lord,E06000057,Northumberland,,,True,,,,,,,,,,,,,,,,,,,,,,
Andras Nagy-Sandor,E08000021,Newcastle upon Tyne,,,True,,,,,,,,,,,,,,,,,,,,,,
Andrew Gardiner,E08000022,North Tyneside,,,True,,,,,,,,,,,,,,,,,,,,,,
Andrew Maughan,E08000021,Newcastle upon Tyne,,,True,,,,,,,,,,,,,,,,,,,,,,
Andrew Wilson,E08000021,Newcastle upon Tyne,,,True,,,,,,,,,,,,,,,,,,,,,,
Angela Reed,E08000023,South Tyneside,,,True,,,,,,,,,,,,,,,,,,,,,,
Anna Barker,E06000047,County Durham,,,True,,,,,,,,,,,,,,,,,,,,,,
Annie Ball,E08000037,Gateshead,,,True,,,,,,,,,,,,,,,,,,,,,,
Anthony Lo-Giudice,E08000022,North Tyneside,,,True,,,,,,,,,,,,,,,,,,,,,,
Anton Hecht,E08000021,Newcastle upon Tyne,,,True,,,,,,,,,,,,,,,,,,,,,,
Arcus Studios Ltd,E08000037,Gateshead,,,True,54.976097,-1.597019,Private Limited Company,MICRO ENTITY,07350999,Active,,2010-08-19 00:00:00,NEWCASTLE UPON TYNE,"['59111 - Motion picture production activities'
 '59112 - Video production activities']",http://business.data.gov.uk/id/company/07350999,direct,100,,,,,,,,NE2 1AN,E08000021
Aria Art and Movement,E08000023,South Tyneside,,,True,,,,,,,,,,,,,,,,,,,,,,
Arts&Heritage,E06000057,Northumberland,,,True,,,,,,,,,,,,,,,,,,,,,,
Association for Cultural Enterprises,E06000047,County Durham,True,,,54.74832,-2.00754,,,,,,,,,,,,,,,,,,,,
AutismAble CIC,E08000023,South Tyneside,,,True,54.994222,-1.418810,Community Interest Company,TOTAL EXEMPTION FULL,09481285,Active,,2015-03-10 00:00:00,SOUTH SHIELDS,"['85600 - Educational support services'
 '88100 - Social work activities without accommodation for the elderly and disabled'
 '90040 - Operation of arts facilities'
 '93120 - Activities of sport clubs']",http://business.data.gov.uk/id/company/09481285,direct,100,,,,,,,,NE33 3PE,E08000023
Awkward City,E06000047,County Durham,,,True,,,,,,,,,,,,,,,,,,,,,,
BRASH Theatre Company Ltd,E08000021,Newcastle upon Tyne,,,True,54.979506,-1.584082,"PRI/LTD BY GUAR/NSC (Private, limited by guarantee, no share capital)",MICRO ENTITY,12874160,Active,,2020-09-11 00:00:00,NEWCASTLE UPON TYNE,['90010 - Performing arts'],http://business.data.gov.uk/id/company/12874160,direct,100,,,,,,,,NE6 5NN,E08000021
Ballet Lorent Limited,E08000021,Newcastle upon Tyne,,True,True,54.976855,-1.6858953,"PRI/LTD BY GUAR/NSC (Private, limited by guarantee, no share capital)",TOTAL EXEMPTION FULL,05093450,Active,,2004-04-05 00:00:00,NEWCASTLE UPON TYNE,['90010 - Performing arts'],http://business.data.gov.uk/id/company/05093450,direct,100,,,,,,,,NE15 6TT,E08000021
Baltic Flour Mills Visual Arts Trust,E08000037,Gateshead,,True,True,54.96923,-1.59807,"PRI/LBG/NSC (Private, Limited by guarantee, no share capital, use of 'Limited' exemption)",GROUP,03589539,Active,,1998-06-29 00:00:00,"SOUTH SHORE ROAD, GATESHEAD",['90040 - Operation of arts facilities'],http://business.data.gov.uk/id/company/03589539,direct,100,,,,,,,,NE8 3BA,E08000037
Beacon Films CIC,E08000021,Newcastle upon Tyne,,,True,54.977498,-1.575507,Community Interest Company,TOTAL EXEMPTION FULL,07740648,Active,,2011-08-15 00:00:00,NEWCASTLE UPON TYNE,['90030 - Artistic creation'],http://business.data.gov.uk/id/company/07740648,direct,100,,,,,,,,NE6 1PB,E08000021
Beamish Museum,E06000047,County Durham,,True,,54.8818,-1.65846,"PRI/LBG/NSC (Private, Limited by guarantee, no share capital, use of 'Limited' exemption)",FULL,05751540,Active,,2006-03-22 00:00:00,BEAMISH,['91020 - Museums activities'],http://business.data.gov.uk/id/company/05751540,direct,100,,,,,,,,DH9 0RG,
Becci Sharrock,E08000037,Gateshead,,,True,,,,,,,,,,,,,,,,,,,,,,
Ben Dickeson,E08000037,Gateshead,,,True,,,,,,,,,,,,,,,,,,,,,,
Ben Richardson,E08000024,Sunderland,,,True,,,,,,,,,,,,,,,,,,,,,,
Benedict Wellstood,E06000047,County Durham,,,True,,,,,,,,,,,,,,,,,,,,,,
Benedicta Valentina Mamuini,E08000037,Gateshead,,,True,,,,,,,,,,,,,,,,,,,,,,
Benjamin Storey,E08000021,Newcastle upon Tyne,,,True,,,,,,,,,,,,,,,,,,,,,,
Berwick Film & Media Arts Festival,E06000057,Northumberland,,True,,55.77019,-2.00424,,,,,,,,,,,,,,,,,,,,
Beth Veitch,E08000021,Newcastle upon Tyne,,,True,,,,,,,,,,,,,,,,,,,,,,
Bethan Kitchen,E08000021,Newcastle upon Tyne,,,True,,,,,,,,,,,,,,,,,,,,,,
Bev Robinson,E08000021,Newcastle upon Tyne,,,True,,,,,,,,,,,,,,,,,,,,,,
Blackhall community association,E06000047,County Durham,,,True,,,Charitable Incorporated Organisation,NO ACCOUNTS FILED,CE011086,Active,,2017-06-19 00:00:00,,['None Supplied'],http://business.data.gov.uk/id/company/CE011086,direct,100,,,,,,,,,
Blaize,E06000047,County Durham,,,True,,,"PRI/LBG/NSC (Private, Limited by guarantee, no share capital, use of 'Limited' exemption)",MICRO ENTITY,03594859,Active,,1998-07-08 00:00:00,BARNARD CASTLE,['90010 - Performing arts' '90020 - Support activities to performing arts'],http://business.data.gov.uk/id/company/03594859,direct,100,,,,,,,,DL12 9LG,
Blank Studios LLP,E08000021,Newcastle upon Tyne,,,True,54.979400,-1.595971,Limited Liability Partnership,TOTAL EXEMPTION FULL,OC336119,Active,,2008-04-02 00:00:00,NEWCASTLE UPON TYNE,['None Supplied'],http://business.data.gov.uk/id/company/OC336119,direct,100,,,,,,,,NE2 1BB,E08000021
Bloodaxe Books Ltd,E06000057,Northumberland,,True,,54.96619,-2.09847,Private Limited Company,NO ACCOUNTS FILED,15402049,Active,,2024-01-10 00:00:00,GATESHEAD,"['47610 - Retail sale of books in specialised stores'
 '47990 - Other retail sale not in stores, stalls or markets'
 '58110 - Book publishing']",http://business.data.gov.uk/id/company/15402049,fuzzy,95,,,,,,,,NE8 1YH,E08000037
Blowin a Hooley,E08000022,North Tyneside,,,True,,,,,,,,,,,,,,,,,,,,,,
Brave Exhibitions CIC,E08000021,Newcastle upon Tyne,,,True,,,,,,,,,,,,,,,,,,,,,,
Bridge Creative Enterprise CIC,E06000047,County Durham,,,True,,,,,,,,,,,,,,,,,,,,,,
Broadside Creatives CIC,E08000024,Sunderland,,,True,,,Community Interest Company,MICRO ENTITY,12442373,Active,,2020-02-04 00:00:00,SUNDERLAND,['90030 - Artistic creation' '90040 - Operation of arts facilities'],http://business.data.gov.uk/id/company/12442373,direct,100,,,,,,,,SR1 1EE,
CAST,E08000023,South Tyneside,,,True,,,,,,,,,,,,,,,,,,,,,,
CIRCA Projects,E08000021,Newcastle upon Tyne,,,True,,,,,,,,,,,,,,,,,,,,,,
COMMON,E06000057,Northumberland,,,True,,,,,,,,,,,,,,,,,,,,,,
Caitlin Evans,E08000021,Newcastle upon Tyne,,,True,,,,,,,,,,,,,,,,,,,,,,
Call Yourself An Artist CIC,E06000047,County Durham,,,True,,,Community Interest Company,NO ACCOUNTS FILED,15155698,Active,,2023-09-22 00:00:00,DURHAM,['90030 - Artistic creation'],http://business.data.gov.uk/id/company/15155698,direct,100,,,,,,,,DH6 5HP,
Calum Bruce,E06000057,Northumberland,,,True,,,,,,,,,,,,,,,,,,,,,,
Cameron John Sharp,E08000021,Newcastle upon Tyne,,,True,,,,,,,,,,,,,,,,,,,,,,
Cap-a-Pie,E08000021,Newcastle upon Tyne,,,True,,,,,,,,,,,,,,,,,,,,,,
Carers Cultural Adventures,E08000037,Gateshead,,,True,,,,,,,,,,,,,,,,,,,,,,
Carole Wears,E08000021,Newcastle upon Tyne,,,True,,,,,,,,,,,,,,,,,,,,,,
Caroline Collinge,E08000023,South Tyneside,,,True,,,,,,,,,,,,,,,,,,,,,,
Caroline Collinge,E08000037,Gateshead,,,True,,,,,,,,,,,,,,,,,,,,,,
Caroline Liversidge,E08000023,South Tyneside,,,True,,,,,,,,,,,,,,,,,,,,,,
Carolyn Jess-Cooke,E08000022,North Tyneside,,,True,,,,,,,,,,,,,,,,,,,,,,
Cat Robey,E06000047,County Durham,,,True,,,,,,,,,,,,,,,,,,,,,,
Cath Campbell,E06000047,County Durham,,,True,,,,,,,,,,,,,,,,,,,,,,
Catherine Bertola,E08000037,Gateshead,,,True,,,,,,,,,,,,,,,,,,,,,,
Chalk,E08000021,Newcastle upon Tyne,,,True,,,,,,,,,,,,,,,,,,,,,,
Chalk,E08000037,Gateshead,,,True,,,,,,,,,,,,,,,,,,,,,,
Changing Relations,E06000047,County Durham,,,True,,,Community Interest Company,TOTAL EXEMPTION FULL,08715299,Active,,2013-10-02 00:00:00,DURHAM,['85600 - Educational support services' '90030 - Artistic creation'],http://business.data.gov.uk/id/company/08715299,fuzzy,95,,,,,,,,DH7 7DW,
Charlie Bramley,E08000021,Newcastle upon Tyne,,,True,,,,,,,,,,,,,,,,,,,,,,
Chloe Darke,E08000024,Sunderland,,,True,,,,,,,,,,,,,,,,,,,,,,
Chloe Stott,E08000021,Newcastle upon Tyne,,,True,,,,,,,,,,,,,,,,,,,,,,
Chloë Smith,E06000057,Northumberland,,,True,,,,,,,,,,,,,,,,,,,,,,
Chris Hornsby,E06000057,Northumberland,,,True,,,,,,,,,,,,,,,,,,,,,,
Christina Castling,E06000047,County Durham,,,True,,,,,,,,,,,,,,,,,,,,,,
Christopher Anderson,E06000057,Northumberland,,,True,,,,,,,,,,,,,,,,,,,,,,
Christopher Folwell,E08000037,Gateshead,,,True,,,,,,,,,,,,,,,,,,,,,,
Christopher Haigh,E06000057,Northumberland,,,True,,,,,,,,,,,,,,,,,,,,,,
Circus Central,E08000037,Gateshead,,,True,,,,,,,,,,,,,,,,,,,,,,
Claire Venus,E06000057,Northumberland,,,True,,,,,,,,,,,,,,,,,,,,,,
Cloud Nine Theatre Productions,E08000022,North Tyneside,,,True,55.034560,-1.435487,"PRI/LBG/NSC (Private, Limited by guarantee, no share capital, use of 'Limited' exemption)",TOTAL EXEMPTION FULL,04095014,Active,,2000-10-23 00:00:00,NORTH SHIELDS,['90010 - Performing arts'],http://business.data.gov.uk/id/company/04095014,fuzzy,95,,,,,,,,NE30 4PD,E08000022
Cobalt Studios Ltd,E08000021,Newcastle upon Tyne,,,True,,,,,,,,,,,,,,,,,,,,,,
Colin Potsig,E06000057,Northumberland,,,True,,,,,,,,,,,,,,,,,,,,,,
Company of Others,E08000021,Newcastle upon Tyne,,True,True,54.963466,-1.5560566,"PRI/LBG/NSC (Private, Limited by guarantee, no share capital, use of 'Limited' exemption)",TOTAL EXEMPTION FULL,10016228,Active,,2016-02-19 00:00:00,NEWCASTLE UPON TYNE,['90010 - Performing arts'],http://business.data.gov.uk/id/company/10016228,direct,100,,,,,,,,,
Conor O' Kane,E08000037,Gateshead,,,True,,,,,,,,,,,,,,,,,,,,,,
Conrad Williams Bird,E08000021,Newcastle upon Tyne,,,True,,,,,,,,,,,,,,,,,,,,,,
Creative Spaces North East C.I.C.,E08000021,Newcastle upon Tyne,,,True,55.004558,-1.652144,Community Interest Company,TOTAL EXEMPTION FULL,11959787,Active,,2019-04-24 00:00:00,NEWCASTLE UPON TYNE,['90030 - Artistic creation'],http://business.data.gov.uk/id/company/11959787,direct,100,,,,,,,,NE3 3QH,E08000021
Creative Spaces North East C.I.C.,E08000037,Gateshead,,,True,55.004558,-1.652144,Community Interest Company,TOTAL EXEMPTION FULL,11959787,Active,,2019-04-24 00:00:00,NEWCASTLE UPON TYNE,['90030 - Artistic creation'],http://business.data.gov.uk/id/company/11959787,direct,100,,,,,,,,NE3 3QH,E08000021
Cultural Spring,E08000023,South Tyneside,,,True,54.989284,-1.440763,"PRI/LBG/NSC (Private, Limited by guarantee, no share capital, use of 'Limited' exemption)",TOTAL EXEMPTION FULL,12508237,Active,,2020-03-10 00:00:00,SOUTH SHIELDS,['90030 - Artistic creation'],http://business.data.gov.uk/id/company/12508237,fuzzy,95,,,,,,,,NE33 1SA,E08000023
Cultural Spring,E08000024,Sunderland,,,True,54.989284,-1.440763,"PRI/LBG/NSC (Private, Limited by guarantee, no share capital, use of 'Limited' exemption)",TOTAL EXEMPTION FULL,12508237,Active,,2020-03-10 00:00:00,SOUTH SHIELDS,['90030 - Artistic creation'],http://business.data.gov.uk/id/company/12508237,fuzzy,95,,,,,,,,NE33 1SA,E08000023
Curious Arts Ltd,E08000021,Newcastle upon Tyne,,,True,,,,,,,,,,,,,,,,,,,,,,
Curious Arts Ltd,E08000037,Gateshead,,,True,,,,,,,,,,,,,,,,,,,,,,
Curious Monkey Ltd,E08000021,Newcastle upon Tyne,,,True,54.974124,-1.647733,"PRI/LTD BY GUAR/NSC (Private, limited by guarantee, no share capital)",TOTAL EXEMPTION FULL,08550041,Active,,2013-05-30 00:00:00,NEWCASTLE UPON TYNE,['90010 - Performing arts'],http://business.data.gov.uk/id/company/08550041,direct,100,CURIOUS MONKEY LTD,1167703,08550041,NE4 9PQ ,www.curiousmonkeytheatre.com,224709,177333,NE4 9PQ,E08000021
D6 Culture Ltd,E08000021,Newcastle upon Tyne,,,True,54.971291,-1.619905,"PRI/LTD BY GUAR/NSC (Private, limited by guarantee, no share capital)",TOTAL EXEMPTION FULL,02632544,Active,,1991-07-25 00:00:00,NEWCASTLE UPON TYNE,['90030 - Artistic creation'],http://business.data.gov.uk/id/company/02632544,direct,100,,,,,,,,NE1 4XF,E08000021
DAVE GRAY,E08000021,Newcastle upon Tyne,,,True,,,,,,,,,,,,,,,,,,,,,,
DJAZZ - Durham City Jazz Festival,E06000047,County Durham,,,True,,,,,,,,,,,,,,,,,,,,,,
Dance City,E08000021,Newcastle upon Tyne,,True,,54.970106,-1.6224653,,,,,,,,,,,,,,,,,,,,
Danielle Slade,E06000057,Northumberland,,,True,,,,,,,,,,,,,,,,,,,,,,
Danielle Stone,E08000021,Newcastle upon Tyne,,,True,,,,,,,,,,,,,,,,,,,,,,
David Lloyd,E08000024,Sunderland,,,True,,,,,,,,,,,,,,,,,,,,,,
David Lloyd,E08000037,Gateshead,,,True,,,,,,,,,,,,,,,,,,,,,,
David Reynolds,E08000021,Newcastle upon Tyne,,,True,,,,,,,,,,,,,,,,,,,,,,
Dawn Felicia Knox,E08000037,Gateshead,,,True,,,,,,,,,,,,,,,,,,,,,,
Debbi Purtill,E08000021,Newcastle upon Tyne,,,True,,,,,,,,,,,,,,,,,,,,,,
Debbie Beeks,E08000037,Gateshead,,,True,,,,,,,,,,,,,,,,,,,,,,
Department of Classics Newcastle University,E08000021,Newcastle upon Tyne,,,True,,,,,,,,,,,,,,,,,,,,,,
Donald Marshall,E06000047,County Durham,,,True,,,,,,,,,,,,,,,,,,,,,,
Dora Frankel,E08000021,Newcastle upon Tyne,,,True,,,,,,,,,,,,,,,,,,,,,,
Drama in the Dale (As You Like It),E06000047,County Durham,,,True,,,,,,,,,,,,,,,,,,,,,,
Drop City,E06000047,County Durham,,,True,,,,,,,,,,,,,,,,,,,,,,
Dry Water Arts Centre,E06000057,Northumberland,,,True,,,,,,,,,,,,,,,,,,,,,,
Durham County Council,E06000047,County Durham,,True,True,54.78606,-1.58518,,,,,,,,,,,,,,,,,,,,
Durham County Council Arts Programmes Team,E06000047,County Durham,,,True,,,,,,,,,,,,,,,,,,,,,,
Durham Singers,E06000047,County Durham,,,True,,,,,,,,,,,,,,,,,,,,,,
Durham University,E06000047,County Durham,,,True,,,,,,,,,,,,,,,,,,,,,,
EXAUDI,E06000047,County Durham,,,True,,,"PRI/LBG/NSC (Private, Limited by guarantee, no share capital, use of 'Limited' exemption)",MICRO ENTITY,07134930,Active,,2010-01-25 00:00:00,FERRYHILL,['85520 - Cultural education' '90010 - Performing arts'],http://business.data.gov.uk/id/company/07134930,direct,100,,,,,,,,DL17 8RX,
EXAUDI,E08000037,Gateshead,,,True,,,"PRI/LBG/NSC (Private, Limited by guarantee, no share capital, use of 'Limited' exemption)",MICRO ENTITY,07134930,Active,,2010-01-25 00:00:00,FERRYHILL,['85520 - Cultural education' '90010 - Performing arts'],http://business.data.gov.uk/id/company/07134930,direct,100,,,,,,,,DL17 8RX,
Ed Waugh,E08000023,South Tyneside,,,True,,,,,,,,,,,,,,,,,,,,,,
Edwin Johnson,E08000022,North Tyneside,,,True,,,,,,,,,,,,,,,,,,,,,,
Eleanor Trow,E08000037,Gateshead,,,True,,,,,,,,,,,,,,,,,,,,,,
Eleanor Wright,E08000021,Newcastle upon Tyne,,,True,,,,,,,,,,,,,,,,,,,,,,
Eliot Smith,E06000057,Northumberland,,,True,,,,,,,,,,,,,,,,,,,,,,
Eliot Smith Company,E08000021,Newcastle upon Tyne,,,True,54.980341,-1.600665,"PRI/LTD BY GUAR/NSC (Private, limited by guarantee, no share capital)",MICRO ENTITY,09442391,Active,,2015-02-16 00:00:00,NEWCASTLE UPON TYNE,['90010 - Performing arts'],http://business.data.gov.uk/id/company/09442391,fuzzy,95,,,,,,,,NE2 1DJ,E08000021
Eliot Smith Company,E08000037,Gateshead,,,True,54.980341,-1.600665,"PRI/LTD BY GUAR/NSC (Private, limited by guarantee, no share capital)",MICRO ENTITY,09442391,Active,,2015-02-16 00:00:00,NEWCASTLE UPON TYNE,['90010 - Performing arts'],http://business.data.gov.uk/id/company/09442391,fuzzy,95,,,,,,,,NE2 1DJ,E08000021
Elizabeth Jane Klotz,E08000021,Newcastle upon Tyne,,,True,,,,,,,,,,,,,,,,,,,,,,
Elizabeth Jane Klotz,E08000037,Gateshead,,,True,,,,,,,,,,,,,,,,,,,,,,
Elizabeth Lovejoy,E06000047,County Durham,,,True,,,,,,,,,,,,,,,,,,,,,,
Ellen Spence,E08000037,Gateshead,,,True,,,,,,,,,,,,,,,,,,,,,,
Elysium Creative Arts CIC,E06000047,County Durham,,,True,,,Community Interest Company,TOTAL EXEMPTION FULL,13912578,Active,,2022-02-14 00:00:00,DURHAM,['90010 - Performing arts'],http://business.data.gov.uk/id/company/13912578,direct,100,,,,,,,,DH1 1JA,
Elysium Theatre Company,E06000047,County Durham,,,True,,,,,,,,,,,,,,,,,,,,,,
Emma Dunn,E06000057,Northumberland,,,True,,,,,,,,,,,,,,,,,,,,,,
Emma Roxburgh,E08000021,Newcastle upon Tyne,,,True,,,,,,,,,,,,,,,,,,,,,,
Equal Arts,E08000021,Newcastle upon Tyne,,,True,54.974992,-1.610437,"PRI/LTD BY GUAR/NSC (Private, limited by guarantee, no share capital)",TOTAL EXEMPTION FULL,01992359,Active,,1986-02-21 00:00:00,NEWCASTLE UPON TYNE,['90040 - Operation of arts facilities'],http://business.data.gov.uk/id/company/01992359,fuzzy,95,,,,,,,,NE1 8AX,E08000021
Equal Arts,E08000037,Gateshead,,,True,54.974992,-1.610437,"PRI/LTD BY GUAR/NSC (Private, limited by guarantee, no share capital)",TOTAL EXEMPTION FULL,01992359,Active,,1986-02-21 00:00:00,NEWCASTLE UPON TYNE,['90040 - Operation of arts facilities'],http://business.data.gov.uk/id/company/01992359,fuzzy,95,,,,,,,,NE1 8AX,E08000021
Erin Connor,E08000021,Newcastle upon Tyne,,,True,,,,,,,,,,,,,,,,,,,,,,
Erin Dickson,E08000023,South Tyneside,,,True,,,,,,,,,,,,,,,,,,,,,,
Esther Huss,E06000057,Northumberland,,,True,,,,,,,,,,,,,,,,,,,,,,
Exhibit Art,E06000047,County Durham,,,True,,,,,,,,,,,,,,,,,,,,,,
"Faculty of Arts, Design and Creative Industries",E08000024,Sunderland,,,True,,,,,,,,,,,,,,,,,,,,,,
Faye MacCalman,E08000021,Newcastle upon Tyne,,,True,,,,,,,,,,,,,,,,,,,,,,
Fertile Ground Dance Ltd,E08000021,Newcastle upon Tyne,,,True,54.970186,-1.622246,"PRI/LTD BY GUAR/NSC (Private, limited by guarantee, no share capital)",TOTAL EXEMPTION FULL,10599285,Active,,2017-02-03 00:00:00,NEWCASTLE UPON TYNE,['90010 - Performing arts'],http://business.data.gov.uk/id/company/10599285,direct,100,,,,,,,,NE1 4BR,E08000021
Fine StudiosCIC,E06000057,Northumberland,,,True,,,,,,,,,,,,,,,,,,,,,,
Frank & Bird Ltd,E08000021,Newcastle upon Tyne,,,True,54.979572,-1.579691,Private Limited Company,UNAUDITED ABRIDGED,08901310,Active,,2014-02-19 00:00:00,NEWCASTLE UPON TYNE,['56302 - Public houses and bars'],http://business.data.gov.uk/id/company/08901310,direct,100,,,,,,,,NE6 1SE,E08000021
Friends of Jesmond Library,E08000021,Newcastle upon Tyne,,,True,54.993462,-1.605726,"PRI/LBG/NSC (Private, Limited by guarantee, no share capital, use of 'Limited' exemption)",TOTAL EXEMPTION FULL,08430250,Active,,2013-03-05 00:00:00,NEWCASTLE UPON TYNE,['91011 - Library activities'],http://business.data.gov.uk/id/company/08430250,direct,100,FRIENDS OF JESMOND LIBRARY,1151935,08430250,NE2 2DL ,www.jesmondlibrary.org,58551,65592,NE2 2DL,E08000021
Friends of Ropner Park,E06000047,County Durham,,,True,,,,,,,,,,,,,,,,,,,,,,
GIFT,E08000037,Gateshead,,,True,,,,,,,,,,,,,,,,,,,,,,
Garry Hunter,E08000023,South Tyneside,,,True,,,,,,,,,,,,,,,,,,,,,,
Gary Wilkinson,E08000022,North Tyneside,,,True,,,,,,,,,,,,,,,,,,,,,,
Gateshead Council - Library Service,E08000037,Gateshead,,,True,,,,,,,,,,,,,,,,,,,,,,
Gateshead Council Culture Team,E08000037,Gateshead,,,True,,,,,,,,,,,,,,,,,,,,,,
Gateshead and South Tyneside Music Education Hub,E08000037,Gateshead,,,True,,,,,,,,,,,,,,,,,,,,,,
Gateway Studio CIO,E08000037,Gateshead,,,True,,,Charitable Incorporated Organisation,NO ACCOUNTS FILED,CE019859,Active,,2019-12-04 00:00:00,,['None Supplied'],http://business.data.gov.uk/id/company/CE019859,direct,100,,,,,,,,,
Gavin Coward,E08000021,Newcastle upon Tyne,,,True,,,,,,,,,,,,,,,,,,,,,,
Gem Arts,E08000037,Gateshead,,True,,54.95118,-1.60129,,,,,,,,,,,,,,,,,,,,
Generator North East,E08000021,Newcastle upon Tyne,,True,,54.969107,-1.6050111,"PRI/LTD BY GUAR/NSC (Private, limited by guarantee, no share capital)",TOTAL EXEMPTION FULL,03670235,Active,,1998-11-19 00:00:00,NEWCASTLE UPON TYNE,"['82990 - Other business support service activities n.e.c.'
 '90020 - Support activities to performing arts']",http://business.data.gov.uk/id/company/03670235,fuzzy,95,,,,,,,,NE1 3DE,E08000021
Geoffrey Kirkwood,E08000022,North Tyneside,,,True,,,,,,,,,,,,,,,,,,,,,,
Gillie Kleiman,E08000021,Newcastle upon Tyne,,,True,,,,,,,,,,,,,,,,,,,,,,
Glow Create CIC,E08000021,Newcastle upon Tyne,,,True,,,,,,,,,,,,,,,,,,,,,,
Grace Denton,E08000021,Newcastle upon Tyne,,,True,,,,,,,,,,,,,,,,,,,,,,
Grace Dickson,E08000021,Newcastle upon Tyne,,,True,,,,,,,,,,,,,,,,,,,,,,
Graeme Hopper,E08000037,Gateshead,,,True,,,,,,,,,,,,,,,,,,,,,,
Graham Dolphin,E06000047,County Durham,,,True,,,,,,,,,,,,,,,,,,,,,,
Graham Patterson,E06000057,Northumberland,,,True,,,,,,,,,,,,,,,,,,,,,,
Green Croft Arts,E06000057,Northumberland,,,True,,,,,,,,,,,,,,,,,,,,,,
Greshauna Hannabiell Sanders,E08000021,Newcastle upon Tyne,,,True,,,,,,,,,,,,,,,,,,,,,,
Greyscale Theatre Company,E08000021,Newcastle upon Tyne,,,True,,,,,,,,,,,,,,,,,,,,,,
Guild of Lillians,E08000021,Newcastle upon Tyne,,,True,54.986458,-1.590964,"PRI/LBG/NSC (Private, Limited by guarantee, no share capital, use of 'Limited' exemption)",MICRO ENTITY,05485468,Active,,2005-06-20 00:00:00,NEWCASTLE UPON TYNE,['90010 - Performing arts'],http://business.data.gov.uk/id/company/05485468,fuzzy,95,,,,,,,,NE2 1HP,E08000021
HELEN SHADDOCK,E08000021,Newcastle upon Tyne,,,True,,,,,,,,,,,,,,,,,,,,,,
Hal Branson,E08000021,Newcastle upon Tyne,,,True,,,,,,,,,,,,,,,,,,,,,,
Hand Of Ltd,E06000057,Northumberland,,,True,54.969416,-1.606786,"PRI/LTD BY GUAR/NSC (Private, limited by guarantee, no share capital)",TOTAL EXEMPTION FULL,10156422,Active,,2016-04-29 00:00:00,NEWCASTLE UPON TYNE,"['85520 - Cultural education'
 '90020 - Support activities to performing arts']",http://business.data.gov.uk/id/company/10156422,direct,100,,,,,,,,NE1 3XP,E08000021
Hand Of Ltd,E08000021,Newcastle upon Tyne,,,True,54.969416,-1.606786,"PRI/LTD BY GUAR/NSC (Private, limited by guarantee, no share capital)",TOTAL EXEMPTION FULL,10156422,Active,,2016-04-29 00:00:00,NEWCASTLE UPON TYNE,"['85520 - Cultural education'
 '90020 - Support activities to performing arts']",http://business.data.gov.uk/id/company/10156422,direct,100,,,,,,,,NE1 3XP,E08000021
Hannah Goudie-Hunter,E06000047,County Durham,,,True,,,,,,,,,,,,,,,,,,,,,,
Hannah Guy,E08000021,Newcastle upon Tyne,,,True,,,,,,,,,,,,,,,,,,,,,,
Hannah Murphy,E08000021,Newcastle upon Tyne,,,True,,,,,,,,,,,,,,,,,,,,,,
Hannah Thompson,E06000047,County Durham,,,True,,,,,,,,,,,,,,,,,,,,,,
Harambee Pasadia CIC,E08000021,Newcastle upon Tyne,,,True,54.953733,-1.628318,Community Interest Company,TOTAL EXEMPTION FULL,11309255,Active,,2018-04-13 00:00:00,GATESHEAD,"['90010 - Performing arts' '90020 - Support activities to performing arts'
 '90030 - Artistic creation' '90040 - Operation of arts facilities']",http://business.data.gov.uk/id/company/11309255,direct,100,,,,,,,,NE8 2PS,E08000037
Harambee Pasadia CIC,E08000037,Gateshead,,,True,54.953733,-1.628318,Community Interest Company,TOTAL EXEMPTION FULL,11309255,Active,,2018-04-13 00:00:00,GATESHEAD,"['90010 - Performing arts' '90020 - Support activities to performing arts'
 '90030 - Artistic creation' '90040 - Operation of arts facilities']",http://business.data.gov.uk/id/company/11309255,direct,100,,,,,,,,NE8 2PS,E08000037
Harriet Ghost,E08000021,Newcastle upon Tyne,,,True,,,,,,,,,,,,,,,,,,,,,,
Harry Lawson,E08000023,South Tyneside,,,True,,,,,,,,,,,,,,,,,,,,,,
Headway Arts,E06000057,Northumberland,,True,True,55.12587,-1.51389,"PRI/LBG/NSC (Private, Limited by guarantee, no share capital, use of 'Limited' exemption)",TOTAL EXEMPTION FULL,03006904,Active,,1995-01-06 00:00:00,BLYTH,"['85590 - Other education n.e.c.'
 '90020 - Support activities to performing arts'
 '90040 - Operation of arts facilities']",http://business.data.gov.uk/id/company/03006904,direct,100,,,,,,,,NE24 1BY,E06000057
Heart of Hirst,E06000057,Northumberland,,,True,,,,,,,,,,,,,,,,,,,,,,
Heather Moore,E08000021,Newcastle upon Tyne,,,True,,,,,,,,,,,,,,,,,,,,,,
Heddon Village Knott memorial Hall,E06000057,Northumberland,,,True,,,,,,,,,,,,,,,,,,,,,,
Helen Ferguson,E08000037,Gateshead,,,True,,,,,,,,,,,,,,,,,,,,,,
Helen Pailing,E08000022,North Tyneside,,,True,,,,,,,,,,,,,,,,,,,,,,
Helix Arts Ltd,E08000022,North Tyneside,,True,,55.00826,-1.44409,,,,,,,,,,,,,,,,,,,,
Henna Asikainen,E08000021,Newcastle upon Tyne,,,True,,,,,,,,,,,,,,,,,,,,,,
Hexham Book Festival,E06000057,Northumberland,,,True,54.970258,-2.102903,Community Interest Company,MICRO ENTITY,06630555,Active,,2008-06-26 00:00:00,HEXHAM,['93290 - Other amusement and recreation activities n.e.c.'],http://business.data.gov.uk/id/company/06630555,fuzzy,95,,,,,,,,NE46 3LS,E06000057
Holly Argent,E08000037,Gateshead,,,True,,,,,,,,,,,,,,,,,,,,,,
House of Objects CIC,E08000022,North Tyneside,,,True,,,,,,,,,,,,,,,,,,,,,,
IRON Press,E08000022,North Tyneside,,,True,,,,,,,,,,,,,,,,,,,,,,
Iain Duncan,E06000057,Northumberland,,,True,,,,,,,,,,,,,,,,,,,,,,
Ian Smith,E06000057,Northumberland,,,True,,,,,,,,,,,,,,,,,,,,,,
Independent Sunderland,E08000024,Sunderland,,,True,,,Private Limited Company,TOTAL EXEMPTION FULL,08181318,Active,,2012-08-16 00:00:00,SUNDERLAND,['56302 - Public houses and bars'],http://business.data.gov.uk/id/company/08181318,fuzzy,95,,,,,,,,SR2 7BU,
Inpress Ltd,E08000021,Newcastle upon Tyne,True,,,54.969824,-1.6101433,,,,,,,,,,,,,,,,,,,,
International Guitar Foundation & Festivals,E08000021,Newcastle upon Tyne,,,True,,,"PRI/LTD BY GUAR/NSC (Private, limited by guarantee, no share capital)",MICRO ENTITY,02932317,Active,,1994-05-24 00:00:00,LONDON,['90030 - Artistic creation'],http://business.data.gov.uk/id/company/02932317,direct,100,,,,,,,,N1 9AG,
International Guitar Foundation & Festivals,E08000022,North Tyneside,,,True,,,"PRI/LTD BY GUAR/NSC (Private, limited by guarantee, no share capital)",MICRO ENTITY,02932317,Active,,1994-05-24 00:00:00,LONDON,['90030 - Artistic creation'],http://business.data.gov.uk/id/company/02932317,direct,100,,,,,,,,N1 9AG,
Isobel Hughes,E08000021,Newcastle upon Tyne,,,True,,,,,,,,,,,,,,,,,,,,,,
Izaak Gledhill,E08000021,Newcastle upon Tyne,,,True,,,,,,,,,,,,,,,,,,,,,,
Jack Drum Arts,E06000047,County Durham,,,True,,,,,,,,,,,,,,,,,,,,,,
Jack Lloyd,E08000021,Newcastle upon Tyne,,,True,,,,,,,,,,,,,,,,,,,,,,
Jacob Polley,E08000022,North Tyneside,,,True,,,,,,,,,,,,,,,,,,,,,,
Jade Sweeting,E08000021,Newcastle upon Tyne,,,True,,,,,,,,,,,,,,,,,,,,,,
Jake Jarratt,E06000047,County Durham,,,True,,,,,,,,,,,,,,,,,,,,,,
James Cook,E08000021,Newcastle upon Tyne,,,True,,,,,,,,,,,,,,,,,,,,,,
James David Stewart,E06000057,Northumberland,,,True,,,,,,,,,,,,,,,,,,,,,,
Jamie Eastlake,E06000057,Northumberland,,,True,,,,,,,,,,,,,,,,,,,,,,
Jamie Tansley,E08000021,Newcastle upon Tyne,,,True,,,,,,,,,,,,,,,,,,,,,,
Jan willem van den Bosch,E08000022,North Tyneside,,,True,,,,,,,,,,,,,,,,,,,,,,
Janina Sabaliauskaite,E08000021,Newcastle upon Tyne,,,True,,,,,,,,,,,,,,,,,,,,,,
Jarrow Hall,E08000023,South Tyneside,,True,,54.98237,-1.47414,,,,,,,,,,,,,,,,,,,,
Jazz North East Ltd,E08000021,Newcastle upon Tyne,,,True,,,,,,,,,,,,,,,,,,,,,,
Jazz North East Ltd,E08000022,North Tyneside,,,True,,,,,,,,,,,,,,,,,,,,,,
Jenny Mc Namara,E08000021,Newcastle upon Tyne,,,True,,,,,,,,,,,,,,,,,,,,,,
Jessica Bennett,E08000021,Newcastle upon Tyne,,,True,,,,,,,,,,,,,,,,,,,,,,
Jill Tate,E08000022,North Tyneside,,,True,,,,,,,,,,,,,,,,,,,,,,
Joanna Manousis,E08000024,Sunderland,,,True,,,,,,,,,,,,,,,,,,,,,,
Joe Snape,E06000057,Northumberland,,,True,,,,,,,,,,,,,,,,,,,,,,
John Askew,E06000057,Northumberland,,,True,,,,,,,,,,,,,,,,,,,,,,
John Edgar,E08000021,Newcastle upon Tyne,,,True,,,,,,,,,,,,,,,,,,,,,,
John Kippin,E08000021,Newcastle upon Tyne,,,True,,,,,,,,,,,,,,,,,,,,,,
John Topping,E08000022,North Tyneside,,,True,,,,,,,,,,,,,,,,,,,,,,
Jonah York,E08000022,North Tyneside,,,True,,,,,,,,,,,,,,,,,,,,,,
Jonathan Bradley,E06000057,Northumberland,,,True,,,,,,,,,,,,,,,,,,,,,,
Jonluke McKie,E08000022,North Tyneside,,,True,,,,,,,,,,,,,,,,,,,,,,
Joseph Casling,E06000047,County Durham,,,True,,,,,,,,,,,,,,,,,,,,,,
Julian Germain,E06000057,Northumberland,,,True,,,,,,,,,,,,,,,,,,,,,,
Juliana Mensah,E08000037,Gateshead,,,True,,,,,,,,,,,,,,,,,,,,,,
Juliet Fleming,E08000021,Newcastle upon Tyne,,,True,,,,,,,,,,,,,,,,,,,,,,
Karen Laws,E08000022,North Tyneside,,,True,,,,,,,,,,,,,,,,,,,,,,
Karen Rann,E08000037,Gateshead,,,True,,,,,,,,,,,,,,,,,,,,,,
Karlene Thomas,E08000021,Newcastle upon Tyne,,,True,,,,,,,,,,,,,,,,,,,,,,
Kate Barton,E06000047,County Durham,,,True,,,,,,,,,,,,,,,,,,,,,,
Kate Halsall,E08000021,Newcastle upon Tyne,,,True,,,,,,,,,,,,,,,,,,,,,,
Kate Hunter,E08000022,North Tyneside,,,True,,,,,,,,,,,,,,,,,,,,,,
Katherine Adams,E08000037,Gateshead,,,True,,,,,,,,,,,,,,,,,,,,,,
Kathleen Jackson,E08000021,Newcastle upon Tyne,,,True,,,,,,,,,,,,,,,,,,,,,,
Kathryn Fox,E08000022,North Tyneside,,,True,,,,,,,,,,,,,,,,,,,,,,
Kathryn Williams,E08000021,Newcastle upon Tyne,,,True,,,,,,,,,,,,,,,,,,,,,,
Katie Doherty,E06000047,County Durham,,,True,,,,,,,,,,,,,,,,,,,,,,
Katie Tranter,E08000021,Newcastle upon Tyne,,,True,,,,,,,,,,,,,,,,,,,,,,
Katy Weir,E08000024,Sunderland,,,True,,,,,,,,,,,,,,,,,,,,,,
Kerrin Tatman,E08000021,Newcastle upon Tyne,,,True,,,,,,,,,,,,,,,,,,,,,,
Kielder Observatory Astronomical Society,E06000057,Northumberland,,,True,,,Charitable Incorporated Organisation,NO ACCOUNTS FILED,CE000119,Active,,2013-08-29 00:00:00,,['None Supplied'],http://business.data.gov.uk/id/company/CE000119,direct,100,,,,,,,,,
Kielder Water & Forest Park Development Trust,E06000057,Northumberland,,,True,,,"PRI/LBG/NSC (Private, Limited by guarantee, no share capital, use of 'Limited' exemption)",FULL,07424020,Active,,2010-10-29 00:00:00,DURHAM,"['82990 - Other business support service activities n.e.c.'
 '90030 - Artistic creation'
 '93290 - Other amusement and recreation activities n.e.c.']",http://business.data.gov.uk/id/company/07424020,direct,100,,,,,,,,DH1 5FJ,
Kitchen Zoo,E06000047,County Durham,,,True,,,,,,,,,,,,,,,,,,,,,,
LVAC Community Interest Company,E06000047,County Durham,,,True,,,Community Interest Company,NO ACCOUNTS FILED,14934500,Active,,2023-06-14 00:00:00,DURHAM,"['85520 - Cultural education' '90030 - Artistic creation'
 '90040 - Operation of arts facilities']",http://business.data.gov.uk/id/company/14934500,direct,100,,,,,,,,DH7 7AG,
Laura Harrington,E08000021,Newcastle upon Tyne,,,True,,,,,,,,,,,,,,,,,,,,,,
Laura Johnston,E08000021,Newcastle upon Tyne,,,True,,,,,,,,,,,,,,,,,,,,,,
Laura Turner,E08000021,Newcastle upon Tyne,,,True,,,,,,,,,,,,,,,,,,,,,,
Laurels Theatre,E08000022,North Tyneside,,,True,,,,,,,,,,,,,,,,,,,,,,
Lauren Stafford,E08000021,Newcastle upon Tyne,,,True,,,,,,,,,,,,,,,,,,,,,,
Lee Dobson,E06000047,County Durham,,,True,,,,,,,,,,,,,,,,,,,,,,
Lee Renforth,E08000021,Newcastle upon Tyne,,,True,,,,,,,,,,,,,,,,,,,,,,
Let's Circus,E08000021,Newcastle upon Tyne,,,True,54.978113,-1.673056,Limited Liability Partnership,DORMANT,OC340924,Active,,2008-10-21 00:00:00,NEWCASTLE UPON TYNE,['None Supplied'],http://business.data.gov.uk/id/company/OC340924,fuzzy,95,,,,,,,,NE15 7PB,E08000021
Lewis Jobson,E06000057,Northumberland,,,True,,,,,,,,,,,,,,,,,,,,,,
Lewis Jobson,E08000021,Newcastle upon Tyne,,,True,,,,,,,,,,,,,,,,,,,,,,
Lexicon Learning Edtech,E06000047,County Durham,,,True,,,,,,,,,,,,,,,,,,,,,,
Liberdade community development trust,E08000021,Newcastle upon Tyne,,,True,55.011060,-1.630352,"PRI/LBG/NSC (Private, Limited by guarantee, no share capital, use of 'Limited' exemption)",GROUP,06548122,Active,,2008-03-28 00:00:00,NEWCASTLE UPON TYNE,['90010 - Performing arts'],http://business.data.gov.uk/id/company/06548122,direct,100,LIBERDADE COMMUNITY DEVELOPMENT TRUST,1163955,06548122,NE3 3HD ,www.liberdade.co.uk,771550,1448216,NE3 3HD,E08000021
Life and Limb Puppets CIC,E08000037,Gateshead,,,True,54.952986,-1.616489,Community Interest Company,MICRO ENTITY,09172503,Active,,2014-08-12 00:00:00,GATESHEAD,['90010 - Performing arts'],http://business.data.gov.uk/id/company/09172503,direct,100,,,,,,,,NE8 2XD,E08000037
Linda France,E06000057,Northumberland,,,True,,,,,,,,,,,,,,,,,,,,,,
Lindsay Duncanson,E08000021,Newcastle upon Tyne,,,True,,,,,,,,,,,,,,,,,,,,,,
Lisa Murphy,E08000022,North Tyneside,,,True,,,,,,,,,,,,,,,,,,,,,,
Little Inventors Worldwide Ltd,E08000021,Newcastle upon Tyne,,,True,,,Private Limited Company,TOTAL EXEMPTION FULL,10433685,Active,,2016-10-18 00:00:00,CHESTER LE STREET,"['82990 - Other business support service activities n.e.c.'
 '85590 - Other education n.e.c.']",http://business.data.gov.uk/id/company/10433685,direct,100,,,,,,,,DH3 2PA,
Little Theatre Gateshead,E08000037,Gateshead,,,True,,,,,,,,,,,,,,,,,,,,,,
Living Record Productions,E06000047,County Durham,,,True,,,,,,,,,,,,,,,,,,,,,,
Lizzy Mansfield,E08000021,Newcastle upon Tyne,,,True,,,,,,,,,,,,,,,,,,,,,,
Luca Rutherford,E08000021,Newcastle upon Tyne,,,True,,,,,,,,,,,,,,,,,,,,,,
Lucie Brownlee,E06000047,County Durham,,,True,,,,,,,,,,,,,,,,,,,,,,
Lucy Curry,E08000037,Gateshead,,,True,,,,,,,,,,,,,,,,,,,,,,
Lucy Nichol,E08000022,North Tyneside,,,True,,,,,,,,,,,,,,,,,,,,,,
Lydia Brickland,E08000037,Gateshead,,,True,,,,,,,,,,,,,,,,,,,,,,
MBC Arts Wellbeing,E08000024,Sunderland,,,True,,,,,,,,,,,,,,,,,,,,,,
Mad Alice Theatre Company,E06000047,County Durham,,,True,,,"PRI/LBG/NSC (Private, Limited by guarantee, no share capital, use of 'Limited' exemption)",MICRO ENTITY,05946820,Active,,2006-09-26 00:00:00,COUNTY DURHAM,['90030 - Artistic creation'],http://business.data.gov.uk/id/company/05946820,direct,100,,,,,,,,DH8 5SU,
Manpreet Kambo,E08000021,Newcastle upon Tyne,,,True,,,,,,,,,,,,,,,,,,,,,,
Mark Nixon,E06000057,Northumberland,,,True,,,,,,,,,,,,,,,,,,,,,,
Mark Pinder,E08000022,North Tyneside,,,True,,,,,,,,,,,,,,,,,,,,,,
Martha Wheatley,E08000021,Newcastle upon Tyne,,,True,,,,,,,,,,,,,,,,,,,,,,
Mathieu Geffré,E08000021,Newcastle upon Tyne,,,True,,,,,,,,,,,,,,,,,,,,,,
Matt Jamie,E08000037,Gateshead,,,True,,,,,,,,,,,,,,,,,,,,,,
Matt Miller,E08000037,Gateshead,,,True,,,,,,,,,,,,,,,,,,,,,,
Matthew Pickering,E08000021,Newcastle upon Tyne,,,True,,,,,,,,,,,,,,,,,,,,,,
Matthew Tuckey,E08000021,Newcastle upon Tyne,,,True,,,,,,,,,,,,,,,,,,,,,,
Megan Brown,E08000021,Newcastle upon Tyne,,,True,,,,,,,,,,,,,,,,,,,,,,
Melanie Rashbrooke,E08000021,Newcastle upon Tyne,,,True,,,,,,,,,,,,,,,,,,,,,,
Melody Sproates,E08000021,Newcastle upon Tyne,,,True,,,,,,,,,,,,,,,,,,,,,,
Merle Harbron,E08000021,Newcastle upon Tyne,,,True,,,,,,,,,,,,,,,,,,,,,,
Meta4Dance Company,E06000057,Northumberland,,,True,,,,,,,,,,,,,,,,,,,,,,
Mi Viejo Fruta Ltd,E08000021,Newcastle upon Tyne,,,True,,,,,,,,,,,,,,,,,,,,,,
Michael Evans,E06000057,Northumberland,,,True,,,,,,,,,,,,,,,,,,,,,,
Michael John Heatley,E06000047,County Durham,,,True,,,,,,,,,,,,,,,,,,,,,,
Michael John Heatley,E08000021,Newcastle upon Tyne,,,True,,,,,,,,,,,,,,,,,,,,,,
Michael MacDonald,E08000021,Newcastle upon Tyne,,,True,,,,,,,,,,,,,,,,,,,,,,
Michael Mulvihill,E08000022,North Tyneside,,,True,,,,,,,,,,,,,,,,,,,,,,
Michael Mulvihill,E08000037,Gateshead,,,True,,,,,,,,,,,,,,,,,,,,,,
Michaela Wetherell,E08000024,Sunderland,,,True,,,,,,,,,,,,,,,,,,,,,,
Michelle Harland,E06000047,County Durham,,,True,,,,,,,,,,,,,,,,,,,,,,
Mick Smith,E08000021,Newcastle upon Tyne,,,True,,,,,,,,,,,,,,,,,,,,,,
Middleton-in-Teesdale Sports and Social Club,E06000047,County Durham,,,True,,,Registered Society,NO ACCOUNTS FILED,RS000189,Active,,1900-01-01 00:00:00,,['None Supplied'],http://business.data.gov.uk/id/company/RS000189,direct,100,,,,,,,,,
Miranda Tufnell,E06000057,Northumberland,,,True,,,,,,,,,,,,,,,,,,,,,,
Miscreations Theatre,E06000057,Northumberland,,,True,54.902923,-2.256922,"PRI/LTD BY GUAR/NSC (Private, limited by guarantee, no share capital)",MICRO ENTITY,13076253,Active,,2020-12-10 00:00:00,HEXHAM,['90010 - Performing arts'],http://business.data.gov.uk/id/company/13076253,fuzzy,95,,,,,,,,NE47 9QA,E06000057
Mitch Donaldson,E06000057,Northumberland,,,True,,,,,,,,,,,,,,,,,,,,,,
Monica Hardcastle,E08000021,Newcastle upon Tyne,,,True,,,,,,,,,,,,,,,,,,,,,,
Monkfish Productions CIO,E08000021,Newcastle upon Tyne,,,True,,,Charitable Incorporated Organisation,NO ACCOUNTS FILED,CE020029,Active,,2019-12-17 00:00:00,,['None Supplied'],http://business.data.gov.uk/id/company/CE020029,direct,100,,,,,,,,,
Mortal Fools,E06000057,Northumberland,,True,True,55.18376,-1.57168,"PRI/LBG/NSC (Private, Limited by guarantee, no share capital, use of 'Limited' exemption)",TOTAL EXEMPTION FULL,08102487,Active,,2012-06-12 00:00:00,ASHINGTON,"['85520 - Cultural education' '85590 - Other education n.e.c.'
 '90010 - Performing arts']",http://business.data.gov.uk/id/company/08102487,direct,100,MORTAL FOOLS,1153400,08102487,NE63 9XQ,www.mortalfools.org.uk,492393,434654,NE63 9XQ,E06000057
Moving Art Management,E08000021,Newcastle upon Tyne,,,True,54.993673,-1.524104,"PRI/LTD BY GUAR/NSC (Private, limited by guarantee, no share capital)",MICRO ENTITY,09893099,Active,,2015-11-27 00:00:00,WALLSEND,"['90010 - Performing arts' '90020 - Support activities to performing arts'
 '90030 - Artistic creation']",http://business.data.gov.uk/id/company/09893099,fuzzy,95,,,,,,,,NE28 7SA,E08000022
Moving Parts Arts CIO,E08000021,Newcastle upon Tyne,,,True,,,Charitable Incorporated Organisation,NO ACCOUNTS FILED,CE026125,Active,,2021-04-19 00:00:00,,['None Supplied'],http://business.data.gov.uk/id/company/CE026125,direct,100,,,,,,,,,
NOVAK,E08000021,Newcastle upon Tyne,,,True,,,,,,,,,,,,,,,,,,,,,,
NTC Touring Theatre Company Ltd,E06000057,Northumberland,,,True,55.333288,-1.582184,"PRI/LTD BY GUAR/NSC (Private, limited by guarantee, no share capital)",TOTAL EXEMPTION FULL,01448366,Active,,1979-09-13 00:00:00,MORPETH,['90010 - Performing arts'],http://business.data.gov.uk/id/company/01448366,direct,100,,,,,,,,NE65 0DX,E06000057
National Youth Choirs of Great Britain,E06000047,County Durham,,True,True,54.78846,-1.66107,"PRI/LTD BY GUAR/NSC (Private, limited by guarantee, no share capital)",SMALL,01850803,Active,,1984-09-25 00:00:00,DURHAM,['85520 - Cultural education' '90010 - Performing arts'],http://business.data.gov.uk/id/company/01850803,direct,100,,,,,,,,DH7 9RH,
Neighbourhood Watch Stilts international,E08000021,Newcastle upon Tyne,,,True,,,,,,,,,,,,,,,,,,,,,,
New Prospects Association Limited,E08000022,North Tyneside,,,True,,,Registered Society,NO ACCOUNTS FILED,RS027248,Active,,1900-01-01 00:00:00,,['None Supplied'],http://business.data.gov.uk/id/company/RS027248,direct,100,,,,,,,,,
New Writing North,E08000021,Newcastle upon Tyne,,True,True,54.976762,-1.6074983,"PRI/LBG/NSC (Private, Limited by guarantee, no share capital, use of 'Limited' exemption)",TOTAL EXEMPTION FULL,03166037,Active,,1996-02-29 00:00:00,NEWCASTLE UPON TYNE,['90020 - Support activities to performing arts'],http://business.data.gov.uk/id/company/03166037,direct,100,,,,,,,,NE1 8ST,E08000021
Newcastle Asian Arts and Music,E08000021,Newcastle upon Tyne,,,True,,,,,,,,,,,,,,,,,,,,,,
Newcastle Centre for the Literary Arts,E08000021,Newcastle upon Tyne,,,True,,,,,,,,,,,,,,,,,,,,,,
Newcastle City Council Culture,E08000021,Newcastle upon Tyne,,,True,,,,,,,,,,,,,,,,,,,,,,
Newcastle Gateshead Initiative,E08000037,Gateshead,,,True,54.969197,-1.613461,"PRI/LTD BY GUAR/NSC (Private, limited by guarantee, no share capital)",TOTAL EXEMPTION FULL,02281242,Active,,1988-07-28 00:00:00,NEWCASTLE UPON TYNE,['94110 - Activities of business and employers membership organizations'],http://business.data.gov.uk/id/company/02281242,fuzzy,95,,,,,,,,NE1 1SE,E08000021
Newcastle Libraries,E08000021,Newcastle upon Tyne,,,True,,,,,,,,,,,,,,,,,,,,,,
Nexus,E08000021,Newcastle upon Tyne,,,True,,,,,,,,,,,,,,,,,,,,,,
Nick Kennedy,E08000021,Newcastle upon Tyne,,,True,,,,,,,,,,,,,,,,,,,,,,
Nicola Lynch,E08000022,North Tyneside,,,True,,,,,,,,,,,,,,,,,,,,,,
Nicole Vivien Watson,E08000024,Sunderland,,,True,,,,,,,,,,,,,,,,,,,,,,
Nina Scott,E08000021,Newcastle upon Tyne,,,True,,,,,,,,,,,,,,,,,,,,,,
NorVolJazz,E08000022,North Tyneside,,,True,,,,,,,,,,,,,,,,,,,,,,
Norfolk Street Arts Community Interest Company,E08000024,Sunderland,,,True,,,Community Interest Company,MICRO ENTITY,11764907,Active,,2019-01-14 00:00:00,SUNDERLAND,['90030 - Artistic creation' '90040 - Operation of arts facilities'],http://business.data.gov.uk/id/company/11764907,direct,100,,,,,,,,SR1 3HT,
North East Theatre Trust Ltd,E08000021,Newcastle upon Tyne,,True,,54.969526,-1.6040542,"PRI/LTD BY GUAR/NSC (Private, limited by guarantee, no share capital)",GROUP,01697756,Active,,1983-02-09 00:00:00,,['90030 - Artistic creation' '90040 - Operation of arts facilities'],http://business.data.gov.uk/id/company/01697756,fuzzy,93,,,,,,,,NE1 3DQ,E08000021
North Music Trust,E08000037,Gateshead,,True,,54.96772,-1.60201,"PRI/LBG/NSC (Private, Limited by guarantee, no share capital, use of 'Limited' exemption)",GROUP,04044936,Active,,2000-08-01 00:00:00,GATESHEAD,"['90010 - Performing arts' '90020 - Support activities to performing arts'
 '90030 - Artistic creation' '90040 - Operation of arts facilities']",http://business.data.gov.uk/id/company/04044936,direct,100,,,,,,,,NE8 2JR,E08000037
North Pennines AONB Partnership,E06000047,County Durham,,,True,,,,,,,,,,,,,,,,,,,,,,
North Tyneside Council,E08000022,North Tyneside,,,True,,,,,,,,,,,,,,,,,,,,,,
Northern Film & Media,E08000037,Gateshead,,,True,,,,,,,,,,,,,,,,,,,,,,
Northern Heartlands,E06000047,County Durham,,True,True,54.54353,-1.92235,Charitable Incorporated Organisation,NO ACCOUNTS FILED,CE019563,Active,,2019-11-13 00:00:00,,['None Supplied'],http://business.data.gov.uk/id/company/CE019563,direct,100,,,,,,,,,
Northern Pride Events Ltd,E08000037,Gateshead,,,True,54.979335,-1.614082,"PRI/LTD BY GUAR/NSC (Private, limited by guarantee, no share capital)",TOTAL EXEMPTION FULL,06800285,Active,,2009-01-23 00:00:00,NEWCASTLE UPON TYNE,['94990 - Activities of other membership organizations n.e.c.'],http://business.data.gov.uk/id/company/06800285,fuzzy,93,,,,,,,,NE1 7RH,E08000021
Northern Print,E08000021,Newcastle upon Tyne,,True,True,54.974976,-1.5944396,,,,,,,,,,,,,,,,,,,,
Northern Stage (Theatrical Productions) Ltd,E08000021,Newcastle upon Tyne,,True,,54.979354,-1.6141446,"PRI/LTD BY GUAR/NSC (Private, limited by guarantee, no share capital)",FULL,02187213,Active,,1987-11-03 00:00:00,NEWCASTLE UPON TYNE,['90010 - Performing arts' '90040 - Operation of arts facilities'],http://business.data.gov.uk/id/company/02187213,fuzzy,93,,,,,,,,NE1 7RH,E08000021
Northumberland Libraries,E06000057,Northumberland,,,True,,,,,,,,,,,,,,,,,,,,,,
Northumbria Architecture Society,E08000021,Newcastle upon Tyne,,,True,,,,,,,,,,,,,,,,,,,,,,
Northumbria University,E08000021,Newcastle upon Tyne,,,True,,,,,,,,,,,,,,,,,,,,,,
November Club,E06000057,Northumberland,,True,True,55.16908,-1.69101,"PRI/LBG/NSC (Private, Limited by guarantee, no share capital, use of 'Limited' exemption)",TOTAL EXEMPTION FULL,02612362,Active,,1991-05-20 00:00:00,MORPETH,['90010 - Performing arts'],http://business.data.gov.uk/id/company/02612362,direct,100,,,,,,,,NE61 1BE,E06000057
Oliver Doe,E08000021,Newcastle upon Tyne,,,True,,,,,,,,,,,,,,,,,,,,,,
Olivia Hannah,E08000023,South Tyneside,,,True,,,,,,,,,,,,,,,,,,,,,,
Olivia Hunt,E08000021,Newcastle upon Tyne,,,True,,,,,,,,,,,,,,,,,,,,,,
Open Clasp Theatre Company,E08000021,Newcastle upon Tyne,,True,True,54.968407,-1.6400382,"PRI/LBG/NSC (Private, Limited by guarantee, no share capital, use of 'Limited' exemption)",TOTAL EXEMPTION FULL,05137687,Active,,2004-05-25 00:00:00,NEWCASTLE UPON TYNE,['90010 - Performing arts'],http://business.data.gov.uk/id/company/05137687,direct,100,,,,,,,,NE4 6SQ,E08000021
Opera Sunderland,E08000024,Sunderland,,,True,,,"PRI/LBG/NSC (Private, Limited by guarantee, no share capital, use of 'Limited' exemption)",MICRO ENTITY,08902353,Active,,2014-02-19 00:00:00,SUNDERLAND,"['90010 - Performing arts' '90020 - Support activities to performing arts'
 '90030 - Artistic creation']",http://business.data.gov.uk/id/company/08902353,direct,100,OPERA SUNDERLAND,1157157,08902353,SR3 3NR,www.operasunderland.co.uk,565,544,SR3 3NR,
Patrick Ngabonziza,E08000021,Newcastle upon Tyne,,,True,,,,,,,,,,,,,,,,,,,,,,
Patrick Ngabonziza,E08000037,Gateshead,,,True,,,,,,,,,,,,,,,,,,,,,,
Paul Brown,E06000057,Northumberland,,,True,,,,,,,,,,,,,,,,,,,,,,
Paul Fairbairn,E08000037,Gateshead,,,True,,,,,,,,,,,,,,,,,,,,,,
Paul Miller,E08000021,Newcastle upon Tyne,,,True,,,,,,,,,,,,,,,,,,,,,,
Paul Turner,E08000021,Newcastle upon Tyne,,,True,,,,,,,,,,,,,,,,,,,,,,
Paula Penman,E08000037,Gateshead,,,True,,,,,,,,,,,,,,,,,,,,,,
Payal Ramchandani,E08000021,Newcastle upon Tyne,,,True,,,,,,,,,,,,,,,,,,,,,,
Payal Ramchandani,E08000022,North Tyneside,,,True,,,,,,,,,,,,,,,,,,,,,,
Pelican Theatre,E08000021,Newcastle upon Tyne,,,True,54.970186,-1.622246,"PRI/LTD BY GUAR/NSC (Private, limited by guarantee, no share capital)",MICRO ENTITY,13308820,Active,,2021-04-01 00:00:00,NEWCASTLE UPON TYNE,['90010 - Performing arts' '90030 - Artistic creation'],http://business.data.gov.uk/id/company/13308820,fuzzy,95,,,,,,,,NE1 4BR,E08000021
Penella Styles,E08000024,Sunderland,,,True,,,,,,,,,,,,,,,,,,,,,,
People Into Enterprise Ltd,E06000047,County Durham,,,True,,,,,,,,,,,,,,,,,,,,,,
Periplum CIC,E06000047,County Durham,,,True,,,Community Interest Company,TOTAL EXEMPTION FULL,13255638,Active,,2021-03-10 00:00:00,HUDDERSFIELD,['90010 - Performing arts' '90020 - Support activities to performing arts'],http://business.data.gov.uk/id/company/13255638,direct,100,,,,,,,,HD4 6LF,
Perspex Limited,E06000057,Northumberland,,,True,,,,,,,,,,,,,,,,,,,,,,
Peter Groom,E06000057,Northumberland,,,True,,,,,,,,,,,,,,,,,,,,,,
Peter McAdam,E08000024,Sunderland,,,True,,,,,,,,,,,,,,,,,,,,,,
Petra Szeman,E08000037,Gateshead,,,True,,,,,,,,,,,,,,,,,,,,,,
Philip Douglas,E08000037,Gateshead,,,True,,,,,,,,,,,,,,,,,,,,,,
Playing Up Theatre Company,E08000021,Newcastle upon Tyne,,,True,,,,,,,,,,,,,,,,,,,,,,
Polestar Studios,E08000021,Newcastle upon Tyne,,,True,,,,,,,,,,,,,,,,,,,,,,
Pop Recs Ltd,E08000024,Sunderland,,,True,,,,,,,,,,,,,,,,,,,,,,
Primate Productions Ltd,E08000022,North Tyneside,,,True,55.042962,-1.445243,"PRI/LTD BY GUAR/NSC (Private, limited by guarantee, no share capital)",MICRO ENTITY,06430335,Active,,2007-11-19 00:00:00,WHITLEY BAY,['96090 - Other service activities n.e.c.'],http://business.data.gov.uk/id/company/06430335,direct,100,,,,,,,,NE26 1AB,E08000022
Prometheus Foundation,E08000022,North Tyneside,,,True,,,,,,,,,,,,,,,,,,,,,,
Queen's Hall Arts,E06000057,Northumberland,,True,,54.97025,-2.1029,"PRI/LBG/NSC (Private, Limited by guarantee, no share capital, use of 'Limited' exemption)",TOTAL EXEMPTION FULL,03929839,Active,,2000-02-21 00:00:00,HEXHAM,['90040 - Operation of arts facilities'],http://business.data.gov.uk/id/company/03929839,direct,100,,,,,,,,NE46 3LS,E06000057
Rachael Walsh,E08000023,South Tyneside,,,True,,,,,,,,,,,,,,,,,,,,,,
Rachel Stockdale,E08000022,North Tyneside,,,True,,,,,,,,,,,,,,,,,,,,,,
Rachel Stockdale-Cook,E08000022,North Tyneside,,,True,,,,,,,,,,,,,,,,,,,,,,
Rebecca Glendenning-Laycock,E08000021,Newcastle upon Tyne,,,True,,,,,,,,,,,,,,,,,,,,,,
Rebecca Jameson,E06000057,Northumberland,,,True,,,,,,,,,,,,,,,,,,,,,,
Rebecca Parker,E06000047,County Durham,,,True,,,,,,,,,,,,,,,,,,,,,,
Rebekah Cook,E06000047,County Durham,,,True,,,,,,,,,,,,,,,,,,,,,,
Redhills CIO,E06000047,County Durham,,True,,54.77751,-1.58607,Charitable Incorporated Organisation,NO ACCOUNTS FILED,CE025082,Active,,2021-03-26 00:00:00,,['None Supplied'],http://business.data.gov.uk/id/company/CE025082,direct,100,,,,,,,,,
Regeneration NE CIC,E06000047,County Durham,,,True,,,,,,,,,,,,,,,,,,,,,,
Rendez-Vous dance,E08000022,North Tyneside,,,True,54.999218,-1.517332,"PRI/LTD BY GUAR/NSC (Private, limited by guarantee, no share capital)",MICRO ENTITY,13240278,Active,,2021-03-02 00:00:00,WALLSEND,"['90010 - Performing arts' '90020 - Support activities to performing arts'
 '90030 - Artistic creation']",http://business.data.gov.uk/id/company/13240278,fuzzy,95,,,,,,,,NE28 7JG,E08000022
Rene McBrearty,E08000021,Newcastle upon Tyne,,,True,,,,,,,,,,,,,,,,,,,,,,
Rhianne Bowes,E08000021,Newcastle upon Tyne,,,True,,,,,,,,,,,,,,,,,,,,,,
Richard Bliss,E08000021,Newcastle upon Tyne,,,True,,,,,,,,,,,,,,,,,,,,,,
Richard Boggie,E08000021,Newcastle upon Tyne,,,True,,,,,,,,,,,,,,,,,,,,,,
Robert Anderson,E08000037,Gateshead,,,True,,,,,,,,,,,,,,,,,,,,,,
Robert Nicholson,E08000023,South Tyneside,,,True,,,,,,,,,,,,,,,,,,,,,,
Robin Paley Yorke,E08000037,Gateshead,,,True,,,,,,,,,,,,,,,,,,,,,,
Rosa Postlethwaite,E08000021,Newcastle upon Tyne,,,True,,,,,,,,,,,,,,,,,,,,,,
Rosa Stourac McCreery,E08000021,Newcastle upon Tyne,,,True,,,,,,,,,,,,,,,,,,,,,,
Rosie Bowden,E06000057,Northumberland,,,True,,,,,,,,,,,,,,,,,,,,,,
Rosie Sales,E06000057,Northumberland,,,True,,,,,,,,,,,,,,,,,,,,,,
Rowan McCabe,E08000021,Newcastle upon Tyne,,,True,,,,,,,,,,,,,,,,,,,,,,
Ruth Mary Johnson,E08000022,North Tyneside,,,True,,,,,,,,,,,,,,,,,,,,,,
Ryan Margaret Hay,E08000022,North Tyneside,,,True,,,,,,,,,,,,,,,,,,,,,,
Sabina Sallis,E08000021,Newcastle upon Tyne,,,True,,,,,,,,,,,,,,,,,,,,,,
Salto Arts,E08000022,North Tyneside,,,True,,,,,,,,,,,,,,,,,,,,,,
Sam Mudd,E08000037,Gateshead,,,True,,,,,,,,,,,,,,,,,,,,,,
Samantha Bell,E08000022,North Tyneside,,,True,,,,,,,,,,,,,,,,,,,,,,
Samantha Neale,E08000021,Newcastle upon Tyne,,,True,,,,,,,,,,,,,,,,,,,,,,
Samuel Burnard,E06000047,County Durham,,,True,,,,,,,,,,,,,,,,,,,,,,
Sangini,E08000023,South Tyneside,,,True,,,,,,,,,,,,,,SANGINI,1124769,01124769,NE34 0RG,https://sanginiafriend.wordpress.com,43660,86708,,
Sarah Dobbs,E08000023,South Tyneside,,,True,,,,,,,,,,,,,,,,,,,,,,
Sarah Fisher,E08000037,Gateshead,,,True,,,,,,,,,,,,,,,,,,,,,,
Sarah Li,E08000021,Newcastle upon Tyne,,,True,,,,,,,,,,,,,,,,,,,,,,
Sebastian Trend,E08000021,Newcastle upon Tyne,,,True,,,,,,,,,,,,,,,,,,,,,,
"Seven Stories, The National Centre for Children's Books",E08000021,Newcastle upon Tyne,,True,,54.974924,-1.5923623,"PRI/LTD BY GUAR/NSC (Private, limited by guarantee, no share capital)",GROUP,03209411,Active,,1996-06-07 00:00:00,NEWCASTLE UPON TYNE,"['85520 - Cultural education' '91012 - Archives activities'
 '91020 - Museums activities']",http://business.data.gov.uk/id/company/03209411,fuzzy,95,,,,,,,,NE1 2PQ,E08000021
Sharon Bailey,E06000057,Northumberland,,,True,,,,,,,,,,,,,,,,,,,,,,
Sharon Race,E06000047,County Durham,,,True,,,,,,,,,,,,,,,,,,,,,,
Sheila Graber,E08000023,South Tyneside,,,True,,,,,,,,,,,,,,,,,,,,,,
Shoddy Theatre,E06000057,Northumberland,,,True,55.114882,-1.513541,Private Limited Company,TOTAL EXEMPTION FULL,11580804,Active,,2018-09-20 00:00:00,BLYTH,"['78101 - Motion picture, television and other theatrical casting activities']",http://business.data.gov.uk/id/company/11580804,fuzzy,95,,,,,,,,NE24 3TY,E06000057
Show Racism The Red Card,E08000022,North Tyneside,,,True,55.015596,-1.443054,"PRI/LBG/NSC (Private, Limited by guarantee, no share capital, use of 'Limited' exemption)",SMALL,05834708,Active,,2006-06-01 00:00:00,NORTH SHIELDS,['85590 - Other education n.e.c.'],http://business.data.gov.uk/id/company/05834708,direct,100,,,,,,,,NE30 2AY,E08000022
Sian Armstrong,E08000037,Gateshead,,,True,,,,,,,,,,,,,,,,,,,,,,
Simon West,E08000021,Newcastle upon Tyne,,,True,,,,,,,,,,,,,,,,,,,,,,
Sister Shack,E08000021,Newcastle upon Tyne,,,True,54.976737,-1.686097,Community Interest Company,MICRO ENTITY,12282082,Active,,2019-10-25 00:00:00,NEWCASTLE UPON TYNE,"['70210 - Public relations and communications activities'
 '90020 - Support activities to performing arts'
 '90030 - Artistic creation']",http://business.data.gov.uk/id/company/12282082,fuzzy,95,,,,,,,,NE15 6TT,E08000021
Skimstone Arts,E08000021,Newcastle upon Tyne,,,True,54.978039,-1.599283,"PRI/LBG/NSC (Private, Limited by guarantee, no share capital, use of 'Limited' exemption)",MICRO ENTITY,06261728,Active,,2007-05-29 00:00:00,NEWCASTLE UPON TYNE,"['90010 - Performing arts' '90030 - Artistic creation'
 '90040 - Operation of arts facilities']",http://business.data.gov.uk/id/company/06261728,direct,100,,,,,,,,NE2 1AL,E08000021
SlamFresh,E08000021,Newcastle upon Tyne,,,True,54.970086,-1.651911,Community Interest Company,TOTAL EXEMPTION FULL,11547362,Active,,2018-09-01 00:00:00,NEWCASTLE UPON TYNE,['85590 - Other education n.e.c.'],http://business.data.gov.uk/id/company/11547362,fuzzy,95,,,,,,,,NE4 8DX,E08000021
Slugtown,E08000021,Newcastle upon Tyne,,,True,,,,,,,,,,,,,,,,,,,,,,
Sneha Solanki,E08000022,North Tyneside,,,True,,,,,,,,,,,,,,,,,,,,,,
Society of Strays,E08000022,North Tyneside,,,True,54.999218,-1.517332,Community Interest Company,TOTAL EXEMPTION FULL,13993801,Active,,2022-03-22 00:00:00,WALLSEND,"['90010 - Performing arts' '90020 - Support activities to performing arts'
 '90030 - Artistic creation']",http://business.data.gov.uk/id/company/13993801,fuzzy,95,,,,,,,,NE28 7JG,E08000022
Sophie Buxton,E08000022,North Tyneside,,,True,,,,,,,,,,,,,,,,,,,,,,
South Tyneside Council,E08000023,South Tyneside,,True,True,54.99497,-1.4291,,,,,,,,,,,,,,,,,,,,
South Tyneside Council -Music,E08000023,South Tyneside,,,True,,,,,,,,,,,,,,,,,,,,,,
South Tyneside Council Culture,E08000023,South Tyneside,,,True,,,,,,,,,,,,,,,,,,,,,,
South Tyneside Primary Schools Music Festival Association,E08000023,South Tyneside,,,True,,,,,,,,,,,,,,,,,,,,,,
Southpaw Dance Company,E08000021,Newcastle upon Tyne,,,True,54.970186,-1.622246,Private Limited Company,UNAUDITED ABRIDGED,09689048,Active,,2015-07-16 00:00:00,NEWCASTLE UPON TYNE,['90010 - Performing arts'],http://business.data.gov.uk/id/company/09689048,fuzzy,95,,,,,,,,NE1 4BR,E08000021
Southpaw Dance Productions,E08000024,Sunderland,,True,,54.90801,-1.37631,Charitable Incorporated Organisation,NO ACCOUNTS FILED,CE028427,Active,,2022-02-23 00:00:00,,['None Supplied'],http://business.data.gov.uk/id/company/CE028427,direct,100,,,,,,,,,
Steph Sykes,E08000024,Sunderland,,,True,,,,,,,,,,,,,,,,,,,,,,
Stephanie Hunter,E06000047,County Durham,,,True,,,,,,,,,,,,,,,,,,,,,,
Stephen Livingstone,E06000047,County Durham,,,True,,,,,,,,,,,,,,,,,,,,,,
Stephen Messam,E06000047,County Durham,,,True,,,,,,,,,,,,,,,,,,,,,,
Steve Byron,E08000021,Newcastle upon Tyne,,,True,,,,,,,,,,,,,,,,,,,,,,
Steven Blackshaw,E08000021,Newcastle upon Tyne,,,True,,,,,,,,,,,,,,,,,,,,,,
Steven Moore,E08000021,Newcastle upon Tyne,,,True,,,,,,,,,,,,,,,,,,,,,,
Sunderland BID,E08000024,Sunderland,,,True,,,,,,,,,,,,,,,,,,,,,,
Sunderland Creative Writing CIC,E08000024,Sunderland,,,True,,,,,,,,,,,,,,,,,,,,,,
Sunderland Culture,E08000024,Sunderland,,True,True,54.91295,-1.37108,"PRI/LTD BY GUAR/NSC (Private, limited by guarantee, no share capital)",GROUP,10098742,Active,,2016-04-02 00:00:00,SUNDERLAND,['90020 - Support activities to performing arts'],http://business.data.gov.uk/id/company/10098742,fuzzy,95,,,,,,,,SR6 0GL,
Sunderland Empire Theatre Trust Board,E08000024,Sunderland,,,True,,,"PRI/LTD BY GUAR/NSC (Private, limited by guarantee, no share capital)",TOTAL EXEMPTION FULL,01100887,Active,,1973-03-09 00:00:00,SUNDERLAND,['90030 - Artistic creation'],http://business.data.gov.uk/id/company/01100887,fuzzy,95,,,,,,,,SR1 3AA,
Sunderland MAC Trust,E08000024,Sunderland,,,True,,,,,,,,,,,,,,,,,,,,,,
Sunderland University Big Band,E06000047,County Durham,,,True,,,,,,,,,,,,,,,,,,,,,,
Surface Area Dance Theatre CIC,E08000024,Sunderland,,True,True,54.97018,-1.62224,,,,,,,,,,,,,,,,,,,,
Susan Betts,E06000057,Northumberland,,,True,,,,,,,,,,,,,,,,,,,,,,
Susan Loughlin,E08000023,South Tyneside,,,True,,,,,,,,,,,,,,,,,,,,,,
Susie Green,E08000021,Newcastle upon Tyne,,,True,,,,,,,,,,,,,,,,,,,,,,
TIN Arts,E06000047,County Durham,,True,,54.79631,-1.58973,,,,,,,,,,,,,,,,,,,,
TUSK MUSIC PROJECTS,E08000021,Newcastle upon Tyne,,,True,,,,,,,,,,,,,,,,,,,,,,
Tallulah Lines,E08000021,Newcastle upon Tyne,,,True,,,,,,,,,,,,,,,,,,,,,,
Tamsin Rees,E08000021,Newcastle upon Tyne,,,True,,,,,,,,,,,,,,,,,,,,,,
Tatwood Puppets,E08000021,Newcastle upon Tyne,,,True,54.970579,-1.624460,Private Limited Company,MICRO ENTITY,11547347,Active,,2018-09-01 00:00:00,NEWCASTLE UPON TYNE,['90010 - Performing arts' '90030 - Artistic creation'],http://business.data.gov.uk/id/company/11547347,fuzzy,95,,,,,,,,NE4 6AS,E08000021
Tess Denman-Cleaver,E08000037,Gateshead,,,True,,,,,,,,,,,,,,,,,,,,,,
The Auckland Project,E06000047,County Durham,,,True,,,"PRI/LBG/NSC (Private, Limited by guarantee, no share capital, use of 'Limited' exemption)",GROUP,07931440,Active,,2012-02-01 00:00:00,BISHOP AUCKLAND,['91030 - Operation of historical sites and buildings and similar visitor attractions'],http://business.data.gov.uk/id/company/07931440,direct,100,,,,,,,,DL14 7JF,
The Barn at Easington,E06000047,County Durham,,,True,,,"PRI/LBG/NSC (Private, Limited by guarantee, no share capital, use of 'Limited' exemption)",TOTAL EXEMPTION FULL,08623484,Active,,2013-07-24 00:00:00,PETERLEE,['90040 - Operation of arts facilities'],http://business.data.gov.uk/id/company/08623484,direct,100,,,,,,,,SR8 3UT,
The Bowes Museum,E06000047,County Durham,,True,True,54.54205,-1.91551,"PRI/LBG/NSC (Private, Limited by guarantee, no share capital, use of 'Limited' exemption)",GROUP,03879872,Active,,1999-11-18 00:00:00,BARNARD CASTLE,['91020 - Museums activities'],http://business.data.gov.uk/id/company/03879872,direct,100,,,,,,,,DL12 8NP,
The Creative Seed CIC,E08000023,South Tyneside,,,True,54.994675,-1.436904,Community Interest Company,TOTAL EXEMPTION FULL,06857368,Active,,2009-03-24 00:00:00,SOUTH SHIELDS,['90030 - Artistic creation'],http://business.data.gov.uk/id/company/06857368,direct,100,,,,,,,,NE33 1RA,E08000023
The Customs House,E08000023,South Tyneside,,True,,54.99499,-1.44085,,,,,,,,,,,,,,,,,,,,
The Empty Space,E08000021,Newcastle upon Tyne,,,True,,,,,,,,,,,,,,,,,,,,,,
The Forge,E06000047,County Durham,,True,,54.8783,-1.68648,,,,,,,,,,,,,,,,,,,,
The Lawnmowers Independent Theatre Company,E08000037,Gateshead,,True,True,54.95331,-1.54436,"PRI/LBG/NSC (Private, Limited by guarantee, no share capital, use of 'Limited' exemption)",TOTAL EXEMPTION FULL,03995521,Active,,2000-05-17 00:00:00,GATESHEAD,"['90010 - Performing arts' '90020 - Support activities to performing arts'
 '90030 - Artistic creation' '90040 - Operation of arts facilities']",http://business.data.gov.uk/id/company/03995521,direct,100,,,,,,,,NE10 0QD,E08000037
The Letter Room,E08000021,Newcastle upon Tyne,,,True,,,,,,,,,,,,,,,,,,,,,,
The Lubber Fiend,E08000021,Newcastle upon Tyne,,,True,54.967727,-1.624078,Community Interest Company,MICRO ENTITY,13314395,Active,,2021-04-06 00:00:00,NEWCASTLE UPON TYNE,['90040 - Operation of arts facilities'],http://business.data.gov.uk/id/company/13314395,fuzzy,95,,,,,,,,NE1 3PZ,E08000021
The Maltings Berwick Trust Limited,E06000057,Northumberland,,True,True,55.76912,-2.00423,,,,,,,,,,,,,,,,,,,,
The NewBridge Project,E08000021,Newcastle upon Tyne,,True,,54.977894,-1.5991754,"PRI/LBG/NSC (Private, Limited by guarantee, no share capital, use of 'Limited' exemption)",TOTAL EXEMPTION FULL,10582100,Active,,2017-01-25 00:00:00,NEWCASTLE UPON TYNE,['90030 - Artistic creation' '90040 - Operation of arts facilities'],http://business.data.gov.uk/id/company/10582100,direct,100,,,,,,,,NE2 1AL,E08000021
The Radio Rooms,E06000057,Northumberland,,,True,,,,,,,,,,,,,,,,,,,,,,
The Witham Hall Ltd,E06000047,County Durham,,,True,,,"PRI/LTD BY GUAR/NSC (Private, limited by guarantee, no share capital)",TOTAL EXEMPTION FULL,06959661,Active,,2009-07-11 00:00:00,BARNARD CASTLE,['90040 - Operation of arts facilities'],http://business.data.gov.uk/id/company/06959661,direct,100,,,,,,,,DL12 8LY,
Theatre Sans Frontieres,E06000057,Northumberland,,,True,54.972883,-2.104791,"PRI/LTD BY GUAR/NSC (Private, limited by guarantee, no share capital)",TOTAL EXEMPTION FULL,02578163,Active,,1991-01-30 00:00:00,HEXHAM,['90010 - Performing arts' '90030 - Artistic creation'],http://business.data.gov.uk/id/company/02578163,fuzzy,95,,,,,,,,NE46 3NL,E06000057
Theatre Space North East CIC,E08000024,Sunderland,,,True,,,Community Interest Company,TOTAL EXEMPTION FULL,10059355,Active,,2016-03-12 00:00:00,SUNDERLAND,['90010 - Performing arts'],http://business.data.gov.uk/id/company/10059355,direct,100,,,,,,,,SR1 1EP,
Thomas Machell,E06000057,Northumberland,,,True,,,,,,,,,,,,,,,,,,,,,,
Thought Foundation,E08000037,Gateshead,,,True,,,,,,,,,,,,,,,,,,,,,,
Thoughtful Planet 3,E08000037,Gateshead,,,True,,,,,,,,,,,,,,,,,,,,,,
Tim Dalling,E08000021,Newcastle upon Tyne,,,True,,,,,,,,,,,,,,,,,,,,,,
Tim Shaw,E08000037,Gateshead,,,True,,,,,,,,,,,,,,,,,,,,,,
TimbaDash Theatre,E08000022,North Tyneside,,,True,54.992277,-1.532514,Community Interest Company,TOTAL EXEMPTION FULL,14063885,Active,,2022-04-22 00:00:00,WALLSEND,['90010 - Performing arts'],http://business.data.gov.uk/id/company/14063885,fuzzy,95,,,,,,,,NE28 8HQ,E08000022
Timothy Burke,E08000021,Newcastle upon Tyne,,,True,,,,,,,,,,,,,,,,,,,,,,
Together for Children Sunderland,E08000024,Sunderland,,,True,,,"PRI/LTD BY GUAR/NSC (Private, limited by guarantee, no share capital)",FULL,10085290,Active,,2016-03-25 00:00:00,SUNDERLAND,"['84110 - General public administration activities'
 '85600 - Educational support services'
 '87900 - Other residential care activities n.e.c.'
 '88990 - Other social work activities without accommodation n.e.c.']",http://business.data.gov.uk/id/company/10085290,fuzzy,95,,,,,,,,SR1 3AA,
Tom Kelly,E08000037,Gateshead,,,True,,,,,,,,,,,,,,,,,,,,,,
Tony Hopkins Entertainments Ltd,E08000037,Gateshead,,,True,,,,,,,,,,,,,,,,,,,,,,
Tusk Music,E08000021,Newcastle upon Tyne,,,True,,,,,,,,,,,,,,,,,,,,,,
Tyne & Wear Archives & Museums,E08000021,Newcastle upon Tyne,,True,True,54.969079,-1.6245212,"PRI/LBG/NSC (Private, Limited by guarantee, no share capital, use of 'Limited' exemption)",TOTAL EXEMPTION FULL,07334262,Active,,2010-08-03 00:00:00,NEWCASTLE UPON TYNE,['91012 - Archives activities' '91020 - Museums activities'],http://business.data.gov.uk/id/company/07334262,fuzzy,95,,,,,,,,NE1 4JA,E08000021
Tyne Bank Brewery Ltd,E08000021,Newcastle upon Tyne,,,True,,,,,,,,,,,,,,,,,,,,,,
Tyneside Cinema,E08000021,Newcastle upon Tyne,,,True,54.973801,-1.611761,"PRI/LTD BY GUAR/NSC (Private, limited by guarantee, no share capital)",GROUP,01113101,Active,,1973-05-10 00:00:00,NEWCASTLE UPON TYNE,['59140 - Motion picture projection activities'],http://business.data.gov.uk/id/company/01113101,direct,100,TYNESIDE CINEMA,502592,01113101,NE1 6QG,www.tynesidecinema.co.uk,3490524,3908984,NE1 6QG,E08000021
Tyneside Irish Cultural Society,E08000021,Newcastle upon Tyne,,,True,54.973938,-1.618133,"PRI/LTD BY GUAR/NSC (Private, limited by guarantee, no share capital)",TOTAL EXEMPTION FULL,02892258,Active,,1994-01-27 00:00:00,NEWCASTLE UPON TYNE,['90030 - Artistic creation'],http://business.data.gov.uk/id/company/02892258,fuzzy,95,,,,,,,,NE1 4SG,E08000021
Unfolding Theatre,E08000021,Newcastle upon Tyne,,True,,54.974976,-1.5944396,"PRI/LBG/NSC (Private, Limited by guarantee, no share capital, use of 'Limited' exemption)",TOTAL EXEMPTION FULL,06764666,Active,,2008-12-03 00:00:00,NEWCASTLE UPON TYNE,['90010 - Performing arts'],http://business.data.gov.uk/id/company/06764666,direct,100,,,,,,,,NE1 2NP,E08000021
Unlock Music CIC,E08000021,Newcastle upon Tyne,,,True,55.004558,-1.652144,Community Interest Company,MICRO ENTITY,13277858,Active,,2021-03-19 00:00:00,NEWCASTLE UPON TYNE,['90030 - Artistic creation'],http://business.data.gov.uk/id/company/13277858,direct,100,,,,,,,,NE3 3QH,E08000021
Urban Field Events,E06000057,Northumberland,,,True,54.976519,-2.106169,Private Limited Company,TOTAL EXEMPTION FULL,08476007,Active,,2013-04-05 00:00:00,HEXHAM,['93290 - Other amusement and recreation activities n.e.c.'],http://business.data.gov.uk/id/company/08476007,fuzzy,95,,,,,,,,NE46 3RU,E06000057
Ushaw College,E06000047,County Durham,,,True,,,,,,,,,,,,,,,,,,,,,,
Vane Contemporary Art Limited,E08000021,Newcastle upon Tyne,,,True,54.965252,-1.602409,"PRI/LTD BY GUAR/NSC (Private, limited by guarantee, no share capital)",MICRO ENTITY,04313545,Active,,2001-10-30 00:00:00,GATESHEAD,['90040 - Operation of arts facilities'],http://business.data.gov.uk/id/company/04313545,direct,100,,,,,,,,NE8 2AP,E08000037
Vane Contemporary Art Limited,E08000037,Gateshead,,True,,54.965252,-1.602409,"PRI/LTD BY GUAR/NSC (Private, limited by guarantee, no share capital)",MICRO ENTITY,04313545,Active,,2001-10-30 00:00:00,GATESHEAD,['90040 - Operation of arts facilities'],http://business.data.gov.uk/id/company/04313545,direct,100,,,,,,,,NE8 2AP,E08000037
Vindolanda Trust,E06000057,Northumberland,,,True,54.991409,-2.357340,"PRI/LBG/NSC (Private, Limited by guarantee, no share capital, use of 'Limited' exemption)",SMALL,09182268,Active,,2014-08-19 00:00:00,HEXHAM,['91030 - Operation of historical sites and buildings and similar visitor attractions'],http://business.data.gov.uk/id/company/09182268,fuzzy,95,,,,,,,,NE47 7JN,E06000057
Visual Arts in Rural Communities,E06000057,Northumberland,,,True,,,,,,,,,,,,,,,,,,,,,,
Vivien Wood,E08000022,North Tyneside,,,True,,,,,,,,,,,,,,,,,,,,,,
We Make Culture CIC,E08000024,Sunderland,,,True,,,,,,,,,,,,,,,,,,,,,,
Wear and Tyne Festivals,E08000021,Newcastle upon Tyne,,,True,,,,,,,,,,,,,,,,,,,,,,
Wesley Stephenson,E08000021,Newcastle upon Tyne,,,True,,,,,,,,,,,,,,,,,,,,,,
William Steele,E08000021,Newcastle upon Tyne,,,True,,,,,,,,,,,,,,,,,,,,,,
Wolfgang Weileder,E08000021,Newcastle upon Tyne,,,True,,,,,,,,,,,,,,,,,,,,,,
Woodhorn Charitable Trust,E06000057,Northumberland,,True,,55.187946,-1.550471,"PRI/LBG/NSC (Private, Limited by guarantee, no share capital, use of 'Limited' exemption)",GROUP,06893854,Active,,2009-05-01 00:00:00,ASHINGTON,"['91020 - Museums activities'
 '91030 - Operation of historical sites and buildings and similar visitor attractions']",http://business.data.gov.uk/id/company/06893854,direct,100,WOODHORN CHARITABLE TRUST,1129712,06893854,NE63 9YF,https://museumsnorthumberland.org.uk/,2283817,1972072,NE63 9YF,E06000057
Workie Ticket Theatre CIC,E08000022,North Tyneside,,,True,55.035352,-1.521827,Community Interest Company,TOTAL EXEMPTION FULL,11780194,Active,,2019-01-22 00:00:00,NEWCASTLE UPON TYNE,"['85520 - Cultural education' '90010 - Performing arts'
 '90020 - Support activities to performing arts'
 '90030 - Artistic creation']",http://business.data.gov.uk/id/company/11780194,direct,100,,,,,,,,NE27 0BD,E08000022
Woven Nest Theatre,E08000037,Gateshead,,,True,54.940636,-1.633492,Community Interest Company,TOTAL EXEMPTION FULL,12945591,Active,,2020-10-13 00:00:00,GATESHEAD,['90010 - Performing arts'],http://business.data.gov.uk/id/company/12945591,fuzzy,95,,,,,,,,NE11 0AA,E08000037
YMCA North Tyneside,E08000022,North Tyneside,,,True,55.009631,-1.447405,"PRI/LBG/NSC (Private, Limited by guarantee, no share capital, use of 'Limited' exemption)",GROUP,02703063,Active,,1992-04-02 00:00:00,TYNE AND WEAR,['96090 - Other service activities n.e.c.'],http://business.data.gov.uk/id/company/02703063,direct,100,YMCA NORTH TYNESIDE,1011495,02703063,NE29 0AB,www.ymcanorthtyneside.org,2821230,2442275,NE29 0AB,E08000022
YMCA Teesdale,E06000047,County Durham,,,True,,,,,,,,,,,,,,,,,,,,,,
Yuvel Soria VArgas,E08000023,South Tyneside,,,True,,,,,,,,,,,,,,,,,,,,,,
Zoe Murtagh,E08000021,Newcastle upon Tyne,,,True,,,,,,,,,,,,,,,,,,,,,,
a-n The Artists Information Company,E08000021,Newcastle upon Tyne,,True,,54.971747,-1.6129209,"PRI/LTD BY GUAR/NSC (Private, limited by guarantee, no share capital)",TOTAL EXEMPTION FULL,01626331,Active,,1982-04-01 00:00:00,NEWCASTLE UPON TYNE,['58190 - Other publishing activities'],http://business.data.gov.uk/id/company/01626331,fuzzy,92,,,,,,,,NE1 1EW,E08000021
fanSHEN,E08000021,Newcastle upon Tyne,,,True,,,,,,,,,,,,,,,,,,,,,,
identity on tyne,E08000022,North Tyneside,,,True,55.015824,-1.437642,Community Interest Company,NO ACCOUNTS FILED,15131576,Active,,2023-09-11 00:00:00,NORTH SHIELDS,"['85520 - Cultural education'
 '90020 - Support activities to performing arts'
 '90030 - Artistic creation' '91012 - Archives activities']",http://business.data.gov.uk/id/company/15131576,fuzzy,95,,,,,,,,NE30 2HQ,E08000022
joana feijo,E08000021,Newcastle upon Tyne,,,True,,,,,,,,,,,,,,,,,,,,,,
joanne cameron,E08000024,Sunderland,,,True,,,,,,,,,,,,,,,,,,,,,,
katie cuddon,E08000021,Newcastle upon Tyne,,,True,,,,,,,,,,,,,,,,,,,,,,
sean burn,E08000021,Newcastle upon Tyne,,,True,,,,,,,,,,,,,,,,,,,,,,
tiny dragon Productions,E08000021,Newcastle upon Tyne,,,True,54.969789,-1.610315,"PRI/LBG/NSC (Private, Limited by guarantee, no share capital, use of 'Limited' exemption)",TOTAL EXEMPTION FULL,13816200,Active,,2021-12-23 00:00:00,NEWCASTLE UPON TYNE,['90010 - Performing arts' '90030 - Artistic creation'],http://business.data.gov.uk/id/company/13816200,direct,100,,,,,,,,NE1 1LE,E08000021
vincent todd,E08000024,Sunderland,,,True,,,,,,,,,,,,,,,,,,,,,,
